customer_code,customer_name,phone,address
KH00001,An Vũ,(03) 2181 9600,"9 John Số
Thị xã JaneThành phố, 895667"
KH00002,Quý cô Thành Vũ,(03) 5116 1559,"7 Jane Ngõ
JaneXã, 301629"
KH00003,An Phạm,(04)131-6475,"419 John Hẻm
JaneHuyện, 771088"
KH00004,Bà Ánh Nguyễn,(00) 5641 3953,"7 Jane Hẻm
Huyện JaneXã, 518801"
KH00005,Quang Trí Mai,01 0122691,"4 John Khu
JohnHuyện, 555884"
KH00006,Quý cô An Vũ,+84-28-148932,"8 Jane Dãy
Thành phố JaneHuyện, 351083"
KH00007,Mai Hoàng,+84 17 1822782,"834 Đặng Dãy
JohnQuận, 335612"
KH00008,Thành Nguyễn,+84-83-930103,"18 Jane Dãy
Quận JaneQuận, 922733"
KH00009,Quý ông Trung Trần,+84 65 6670106,"338 Lê Số
Huyện JaneQuận, 179046"
KH00010,Ông Hưng Mai,(00)132-6773,"606 Dương Khu
JaneQuận, 299122"
KH00011,Trung Nguyễn,+84-80-500978,"812 John Làng
JohnXã, 358175"
KH00012,Duyên Trần,09 9854353,"4 Đặng Ngõ
Thị xã JohnThành phố, 663750"
KH00013,Bà Lan Đặng,+84 35 4278498,"1 Jane Ngõ
Quận JaneHuyện, 734210"
KH00014,Bà Mai Vũ,+84-74-016400,"4 Jane Số
Thành phố JohnPhường, 256294"
KH00015,Ánh Đặng,+84-82-620450,"3 Jane Số
Quận JohnQuận, 532322"
KH00016,Lan Đặng,(06)342-1607,"43 John Làng
JaneHuyện, 172792"
KH00017,Quang Mai,08 5014294,"56 Jane Làng
JohnPhường, 557239"
KH00018,Vân Mai,+84-35-615 9514,"64 John Số
JohnXã, 696750"
KH00019,Thành Mai,(00)443-6995,"3 Lê Ngõ
JaneThành phố, 958179"
KH00020,Bà Mai Phạm,(00) 0379 1769,"63 John Ngõ
JohnQuận, 943170"
KH00021,Ông Tùng Phạm,(01)727-8895,"8 Mai Dãy
Thị xã JaneHuyện, 888295"
KH00022,Bà Vi Mai,03 4714345,"236 John Ngõ
JaneHuyện, 668969"
KH00023,Quý ông Hưng Phạm,(06)690-9670,"68 Jane Làng
JaneThị xã, 130434"
KH00024,Thành Hữu Lê,(07)298-0699,"6 Jane Hẻm
Huyện JaneHuyện, 321941"
KH00025,Bác Dũng Bùi,06 4170 8053,"330 John Hẻm
JohnXã, 328552"
KH00026,Bác Quang Lê,+84-91-241904,"31 John Khu
Thành phố JaneXã, 549186"
KH00027,Vũ Tấn Nguyễn,(06)716-5726,"8 Dương Số
JaneQuận, 971084"
KH00028,Hạnh Dương,(07) 9965 0752,"54 Mai Đường
Thành phố JohnPhường, 526170"
KH00029,Anh Châu Dương,00 1436349,"85 Dương Khu
JaneQuận, 226516"
KH00030,Bà Hương Mai,(02)337-4989,"435 Jane Đường
Huyện JohnThành phố, 680238"
KH00031,Hoàng Dương,+84 09 4777520,"167 John Hẻm
Huyện JohnQuận, 224205"
KH00032,Khoa Hải Mai,07 7496499,"341 John Hẻm
Quận JohnThị xã, 572387"
KH00033,Bác Hưng Phạm,04 7134 9361,"21 John Khu
JaneThành phố, 591465"
KH00034,Thành Vũ,+84-87-719065,"399 Jane Đường
Thị xã JaneHuyện, 290305"
KH00035,Hải Mai Bảo Trần,05 6551256,"6 Jane Ngõ
JaneHuyện, 221552"
KH00036,Phương Văn Mai,06 0385977,"82 Dương Dãy
Thành phố JohnPhường, 266071"
KH00037,Tùng Nguyễn,+84-61-317127,"4 Dương Dãy
Thị xã JohnThị xã, 299869"
KH00038,Cô Hạnh Bùi,08 4044 9972,"58 Dương Tổ
Quận JaneQuận, 997594"
KH00039,An Tấn Dương,+84-66-270 2895,"870 Jane Hẻm
Thị xã JaneHuyện, 753534"
KH00040,Hải Quang Đặng,(08)657-8091,"161 Jane Hẻm
JohnThành phố, 440131"
KH00041,Thảo Đặng,06 2386 9222,"3 Hoàng Hẻm
Thị xã JaneThị xã, 367729"
KH00042,Xuân Dương,08 2175 9464,"671 Jane Tổ
JaneThành phố, 970357"
KH00043,Hạnh Văn Hoàng,(00)974-3953,"2 John Khu
JohnXã, 482584"
KH00044,Cô Hạnh Đặng,+84-62-328 5884,"45 Jane Ngõ
Quận JaneXã, 483542"
KH00045,Kim Nguyễn,08 1754 9651,"985 John Dãy
JaneThành phố, 246566"
KH00046,Ngọc Vũ,01 1382675,"2 Trần Dãy
JaneThành phố, 823811"
KH00047,Trung Mai Dương,(05) 1585 0643,"JohnPhường
9 John Tổ, 355400"
KH00048,Chị Hà Mai,(09) 3352 9042,"JohnThành phố
053 Nguyễn Hẻm, 378258"
KH00049,Lan Bùi,+84-11-775891,"0 Dương Đường
Thị xã JaneThị xã, 819425"
KH00050,Nhật Dương,+84 15 9212499,"98 Dương Số
Thành phố JohnThị xã, 573489"
KH00051,Quý cô Linh Dương,06 1565452,"111 Trần Tổ
Thành phố JanePhường, 228168"
KH00052,Thành Bảo Nguyễn,09 4519 8327,"85 Jane Làng
JohnXã, 789786"
KH00053,Nam Lê,04 5502 2961,"836 Dương Tổ
Huyện JanePhường, 440140"
KH00054,An Lê,(09) 0147 6797,"1 Bùi Ngõ
JaneXã, 799539"
KH00055,Hưng Phạm,09 0034324,"762 Jane Làng
JohnThị xã, 878086"
KH00056,Hồng Nguyễn,01 5969664,"29 Đặng Ngõ
JohnQuận, 556839"
KH00057,Phương Quang Bùi,(04)535-2181,"52 John Hẻm
JohnQuận, 731661"
KH00058,Cô Bảo Dương,09 9799552,"44 Jane Ngõ
JaneThị xã, 139434"
KH00059,Linh Vũ,+84 19 9867980,"97 John Dãy
Huyện JohnXã, 777513"
KH00060,Cô Lâm Dương,08 8925546,"9 Jane Ngõ
JohnXã, 811332"
KH00061,Hạnh Đức Hoàng,(02)519-2546,"86 Lê Ngõ
JaneThành phố, 480211"
KH00062,Phúc Phạm,07 3322 1418,"5 Jane Hẻm
Quận JohnPhường, 558933"
KH00063,Hồng Đặng,+84-37-947 3834,"JohnHuyện
46 Lê Làng, 940181"
KH00064,Bà An Dương,(05)818-1412,"13 Đặng Đường
JohnThị xã, 626392"
KH00065,Quang Hữu Trần,03 0515 2204,"2 Dương Đường
Thành phố JaneQuận, 975522"
KH00066,Quý cô Hà Vũ,(04) 1036 9711,"8 John Hẻm
JaneThành phố, 744674"
KH00067,Quang Bảo Lê,+84-18-518 8888,"654 Jane Ngõ
JohnPhường, 789023"
KH00068,Khoa Đặng,(00) 5852 7722,"430 John Tổ
JaneXã, 596395"
KH00069,Hưng Phạm,05 0541 5667,"27 Đặng Khu
Thị xã JohnThị xã, 731718"
KH00070,Bà Thành Trần,+84 54 4796275,"6 Nguyễn Ngõ
JaneXã, 940010"
KH00071,Cô Bảo Hoàng,+84-70-213 5569,"7 Đặng Dãy
Quận JaneThị xã, 429657"
KH00072,Quang Trần,+84 27 8681447,"7 John Hẻm
Thị xã JohnPhường, 566732"
KH00073,Hải Đặng,+84-51-884 4225,"237 Jane Tổ
JohnXã, 190403"
KH00074,Hạnh Bùi,+84-78-669 1251,"892 Jane Đường
Quận JaneQuận, 269834"
KH00075,Quang Phú Mai,01 4384 2498,"9 John Tổ
Thành phố JohnThành phố, 772612"
KH00076,Trung Hoàng,09 0784473,"71 John Dãy
JaneThị xã, 313933"
KH00077,Trọng Trí Đặng,(05)562-5881,"473 John Đường
JaneXã, 538446"
KH00078,Chị Ánh Đặng,+84-53-278774,"87 John Tổ
Thành phố JaneThị xã, 726543"
KH00079,Bác Tùng Nguyễn,(01)624-5650,"84 Jane Dãy
JohnQuận, 201377"
KH00080,Thành Tấn Mai,02 3986 8000,"87 John Tổ
JohnThị xã, 746447"
KH00081,Nhiên Đặng,+84-88-794705,"94 Jane Khu
Thành phố JaneQuận, 649697"
KH00082,Bảo Hải Nguyễn,+84-13-075626,"9 Nguyễn Hẻm
Huyện JaneXã, 495129"
KH00083,Phúc Mai Mai,08 5497 3348,"37 Dương Tổ
JaneThành phố, 701334"
KH00084,Kim Phú Lê,00 4157 4733,"4 John Làng
Thành phố JohnPhường, 344146"
KH00085,Hương Bùi,07 1208 2677,"40 John Đường
Thị xã JohnThành phố, 976822"
KH00086,Nhật Xuân Vũ,+84 04 9915478,"7 Phạm Ngõ
JohnPhường, 581206"
KH00087,Phúc Nguyễn,+84-54-932 9668,"1 John Dãy
JohnThành phố, 373453"
KH00088,Lâm Mai Vũ,04 9904 5301,"84 Jane Tổ
Quận JohnThị xã, 260626"
KH00089,Bác Huy Mai,08 3391878,"1 John Hẻm
Huyện JaneThành phố, 813341"
KH00090,Quý cô Hương Mai,00 7286790,"0 Vũ Đường
Thành phố JohnThị xã, 461264"
KH00091,Phương Nguyễn,+84 70 4622656,"18 Jane Ngõ
Thị xã JohnPhường, 333507"
KH00092,Vi Nguyễn,07 8686 3375,"1 Jane Đường
Quận JohnThành phố, 722795"
KH00093,Chi Hoàng,+84-03-067 3830,"959 Phạm Khu
Quận JaneHuyện, 388519"
KH00094,Vân Hoàng,+84-26-870 5685,"462 Phạm Làng
JohnThị xã, 160423"
KH00095,Kim Trí Bùi,(04) 3517 5183,"9 John Làng
Thị xã JohnHuyện, 417915"
KH00096,Mai Phạm,+84-17-393 6385,"85 Vũ Tổ
JaneThành phố, 941814"
KH00097,Bác Trung Đặng,06 0932 0489,"23 Phạm Số
Thị xã JaneHuyện, 900441"
KH00098,Quý ông Bảo Lê,+84-52-287 2808,"0 Jane Hẻm
Thành phố JohnThành phố, 329344"
KH00099,Bác Hưng Hoàng,+84-97-700 8860,"4 Jane Hẻm
Thành phố JohnQuận, 301255"
KH00100,Quang Vũ,(06)156-7933,"0 Jane Số
JaneThành phố, 767678"
KH00101,Yến Lê,+84 76 5918033,"01 Mai Đường
Huyện JohnQuận, 715551"
KH00102,Quý cô Hà Vũ,(09) 3968 5621,"163 Jane Số
JohnPhường, 386604"
KH00103,Quý ông Quang Đặng,+84-66-296194,"426 Jane Tổ
JohnThành phố, 105447"
KH00104,Bảo Đặng,(04)121-2678,"015 Jane Số
Huyện JaneThị xã, 917018"
KH00105,Nhật Mai,(09) 8262 2444,"646 Dương Ngõ
JaneQuận, 855917"
KH00106,Anh Bảo Trần,(04) 0659 6575,"59 Jane Tổ
Thị xã JaneHuyện, 870571"
KH00107,Anh Dũng Bùi,06 5193 9828,"3 Vũ Ngõ
JaneQuận, 764100"
KH00108,Quang Vũ,+84-26-617 9796,"0 Mai Ngõ
Quận JaneQuận, 778428"
KH00109,Duyên Bùi,(05)610-1438,"56 Hoàng Hẻm
JohnThị xã, 209627"
KH00110,Huy Trần,+84 25 4573875,"7 Trần Khu
Thành phố JohnHuyện, 779445"
KH00111,Hải Lê,+84-38-282 5867,"2 Jane Số
Quận JaneXã, 550418"
KH00112,An Hoàng Phạm,01 9182 5537,"5 Hoàng Số
Huyện JaneThị xã, 747351"
KH00113,Bà Khoa Hoàng,+84 25 1341252,"2 Bùi Hẻm
JohnXã, 274971"
KH00114,Bác Hoàng Lê,07 9050 7236,"JanePhường
77 John Đường, 934541"
KH00115,Bà Ngọc Vũ,(08) 4279 7881,"5 Jane Làng
JohnPhường, 970392"
KH00116,Bà Ánh Nguyễn,04 5171339,"923 John Tổ
JohnHuyện, 838253"
KH00117,Khoa Hoàng,08 1260 4223,"672 Bùi Số
JohnPhường, 933197"
KH00118,Kim Mai,+84-45-775 9017,"863 Phạm Dãy
JaneHuyện, 454161"
KH00119,Quý cô Thành Nguyễn,+84 17 0127706,"4 Jane Ngõ
JaneThành phố, 489906"
KH00120,Cô Kim Vũ,+84-36-110 3712,"051 Lê Dãy
Quận JaneThành phố, 866260"
KH00121,Hà Đặng,04 2622 1890,"53 Jane Dãy
Thành phố JohnQuận, 888996"
KH00122,Khoa Bùi,06 5234 1389,"0 Phạm Làng
JanePhường, 157219"
KH00123,Quý cô Hồng Trần,(07) 9180 5526,"82 Trần Đường
Thành phố JaneQuận, 141761"
KH00124,Vi Bùi,+84-48-666188,"418 John Tổ
JohnHuyện, 832614"
KH00125,Nhật Hải Nguyễn,(01) 6179 9042,"0 Jane Tổ
JohnHuyện, 233096"
KH00126,Tú Nguyễn,06 4814 9177,"92 Lê Khu
Thành phố JohnPhường, 633541"
KH00127,Ngọc Nguyễn,(00) 7562 2086,"54 Jane Ngõ
Quận JohnXã, 148159"
KH00128,Hà Mai Vũ,(04)518-7053,"9 Jane Tổ
JohnPhường, 673108"
KH00129,Chị Ngọc Bùi,+84 38 5050641,"70 Jane Ngõ
Quận JanePhường, 490586"
KH00130,Ông Nhiên Trần,+84-26-199062,"65 Dương Khu
Thành phố JohnQuận, 917823"
KH00131,Bảo Trần,(07) 7561 8537,"124 John Tổ
Thành phố JohnHuyện, 515492"
KH00132,Dương Vũ,02 0678 8317,"003 John Số
JohnXã, 714590"
KH00133,Vũ Nguyễn,+84 37 2151070,"6 Nguyễn Số
JohnHuyện, 325146"
KH00134,Bà Hạnh Dương,(00) 9993 4768,"62 Phạm Làng
Thị xã JaneThị xã, 670968"
KH00135,Bác Nhiên Mai,06 4205 9304,"5 John Ngõ
Quận JaneXã, 955937"
KH00136,Vi Phạm,+84-65-223955,"5 John Dãy
JohnThị xã, 139807"
KH00137,An Phạm,+84-30-870593,"2 Nguyễn Đường
Quận JohnXã, 482614"
KH00138,Thành Bùi,+84-15-452267,"8 Phạm Hẻm
JanePhường, 821942"
KH00139,Hoàng Lê,+84-09-690 2959,"25 John Tổ
JohnPhường, 193035"
KH00140,Bảo Văn Vũ,(03) 1541 0067,"76 Mai Số
Thị xã JohnQuận, 573209"
KH00141,An Vũ,+84 54 1152621,"99 Nguyễn Số
Thị xã JohnThành phố, 206176"
KH00142,Trung Hoàng Bùi,+84-88-444 3106,"050 Trần Khu
JohnThành phố, 126985"
KH00143,Chị Dương Vũ,+84 71 4677418,"52 Nguyễn Khu
JaneHuyện, 337232"
KH00144,Nhiên Nguyễn,(01) 1586 9380,"7 Jane Khu
Thị xã JohnXã, 698967"
KH00145,Cô Nhật Lê,(03) 3206 1632,"11 Mai Số
JaneXã, 580412"
KH00146,Vi Hoàng,+84-86-162299,"914 Bùi Khu
JaneXã, 738543"
KH00147,Ông Phúc Vũ,02 9960653,"50 Vũ Khu
JanePhường, 818119"
KH00148,Lâm Lê,07 5469 1373,"7 Nguyễn Hẻm
Huyện JaneQuận, 918430"
KH00149,Lan Phạm,(03)030-7053,"6 John Làng
JaneXã, 567773"
KH00150,Quý cô Khoa Mai,05 2414 0602,"334 Mai Đường
Thị xã JohnPhường, 281614"
KH00151,Mai Vũ,+84-44-665743,"1 Jane Khu
JohnThị xã, 166938"
KH00152,Anh Tấn Vũ,04 3283 0965,"7 Vũ Số
JanePhường, 137034"
KH00153,Bà Yến Phạm,+84-87-584 2824,"4 Jane Ngõ
Huyện JohnPhường, 422002"
KH00154,Thành Phú Vũ,+84-47-170999,"1 Mai Khu
JohnQuận, 244037"
KH00155,Bà Hồng Hoàng,02 5217525,"43 John Dãy
Quận JanePhường, 550268"
KH00156,Kim Mai Bảo Bùi,+84 08 3505830,"542 Jane Khu
Thành phố JohnHuyện, 404955"
KH00157,Bác Huy Lê,07 5326 0332,"8 John Tổ
Thị xã JaneXã, 753404"
KH00158,Duyên Nguyễn,+84-10-016 7618,"046 Jane Hẻm
JohnXã, 853681"
KH00159,Hạnh Trần,(01)739-3483,"20 Phạm Dãy
JohnThành phố, 113368"
KH00160,Hà Hoàng,+84-72-181 1437,"JaneThị xã
204 Đặng Số, 874415"
KH00161,Hà Nguyễn,+84 22 5579415,"667 Bùi Dãy
JohnThành phố, 238948"
KH00162,Ánh Lê,+84 69 7972965,"71 Dương Đường
Huyện JaneThành phố, 838793"
KH00163,Bà Vân Mai,+84-91-637 5628,"287 Lê Ngõ
JaneQuận, 446968"
KH00164,Hưng Mai,(08) 6631 7797,"51 Nguyễn Ngõ
JaneThành phố, 684194"
KH00165,Ánh Trần,(09)948-8375,"758 Đặng Dãy
Thành phố JohnThành phố, 457938"
KH00166,Khoa Phú Trần,+84 27 2614933,"735 Jane Đường
Thị xã JanePhường, 717942"
KH00167,Quý cô An Mai,+84-08-697 8292,"699 Mai Số
JohnHuyện, 517196"
KH00168,Khoa Mai Lê,(06) 9848 5833,"5 John Tổ
Huyện JaneXã, 698357"
KH00169,Hải Thế Bùi,(00)810-6200,"42 Jane Làng
Huyện JaneThành phố, 746036"
KH00170,Quý cô Mai Mai,(04)066-6580,"973 Hoàng Làng
Huyện JaneQuận, 815819"
KH00171,Bảo Lê,+84-81-606 4842,"572 John Tổ
Huyện JaneXã, 676884"
KH00172,Vũ Tấn Mai,(02) 8182 6886,"555 Phạm Dãy
Thành phố JaneThị xã, 352023"
KH00173,Cô Dương Đặng,01 6484085,"04 Jane Ngõ
Quận JohnPhường, 168652"
KH00174,Chị Ánh Bùi,(01)386-1207,"102 Mai Ngõ
Huyện JaneThị xã, 573039"
KH00175,Kim Tấn Nguyễn,01 8091901,"49 Jane Dãy
JanePhường, 132316"
KH00176,Anh Tùng Phạm,(06) 8424 5088,"996 Jane Làng
JohnThị xã, 777308"
KH00177,Chị Bảo Phạm,+84-43-129087,"14 John Dãy
JaneQuận, 803904"
KH00178,Cô Thảo Hoàng,+84 35 7759492,"62 Jane Làng
Thị xã JaneHuyện, 240829"
KH00179,Châu Mai Dương,04 7812 9142,"11 John Số
Thành phố JaneXã, 665892"
KH00180,Anh Quang Bùi,(09) 4278 8165,"2 Jane Hẻm
Quận JaneHuyện, 142383"
KH00181,Quý cô Mai Trần,05 3038 5677,"5 Jane Khu
Thị xã JaneHuyện, 716225"
KH00182,Phương Vũ,03 8655779,"23 Jane Làng
Quận JohnHuyện, 731264"
KH00183,Hải Phạm,05 1777392,"302 John Đường
Thành phố JohnHuyện, 288783"
KH00184,Khoa Văn Vũ,+84 37 9772369,"8 Lê Tổ
JohnQuận, 496583"
KH00185,Bảo Đức Nguyễn,(08) 8629 1279,"729 Jane Số
JohnPhường, 655552"
KH00186,Lâm Mai Bảo Bùi,09 9162 4731,"30 John Đường
JohnPhường, 943356"
KH00187,Huy Phú Trần,(06) 9448 6959,"688 Lê Tổ
JaneHuyện, 705711"
KH00188,Thành Trí Trần,+84-37-213 8658,"601 Jane Số
Thành phố JaneQuận, 488848"
KH00189,Khoa Nguyễn,+84-66-984 9027,"8 Phạm Đường
Quận JohnHuyện, 350878"
KH00190,Lan Trần,06 5669 3801,"8 Đặng Khu
Quận JaneThị xã, 702833"
KH00191,Thảo Lê,08 1818451,"9 Dương Số
JohnHuyện, 913274"
KH00192,Quý ông Nhiên Nguyễn,01 4163356,"4 Jane Ngõ
JaneThành phố, 681489"
KH00193,Quý cô Thành Đặng,(09) 4237 3334,"952 John Ngõ
JohnXã, 144316"
KH00194,Bác Trọng Đặng,09 4728463,"867 Jane Số
Thị xã JohnPhường, 643377"
KH00195,Bác Nam Nguyễn,+84-36-915 5942,"79 Đặng Hẻm
JaneQuận, 539450"
KH00196,Quang Hữu Vũ,02 9293143,"227 John Số
JohnPhường, 642121"
KH00197,Châu Thế Vũ,+84-90-612034,"54 Đặng Khu
JohnThị xã, 227126"
KH00198,Trọng Hoàng Hoàng,+84-82-455877,"4 Lê Hẻm
JanePhường, 742053"
KH00199,Hà Quang Lê,03 5544 9647,"9 Bùi Hẻm
Thành phố JohnPhường, 346024"
KH00200,Vũ Phạm,(06) 1117 8006,"492 Jane Khu
Quận JaneThị xã, 756912"
KH00201,Chị Phương Lê,+84 05 5778487,"9 Hoàng Số
JaneThị xã, 665883"
KH00202,Cô Chi Vũ,06 4240 0825,"7 Vũ Đường
JaneXã, 342446"
KH00203,Vân Đặng,(06) 8663 2663,"3 Vũ Khu
JohnThành phố, 291267"
KH00204,Bà Hà Dương,+84-74-973502,"144 Jane Đường
Thành phố JohnThành phố, 617555"
KH00205,Bà Hồng Vũ,(07)570-5120,"872 Jane Số
Thành phố JohnThị xã, 908688"
KH00206,Anh Hưng Phạm,01 8376452,"8 Jane Dãy
JohnHuyện, 154617"
KH00207,Cô Mai Bùi,00 2491 6300,"9 Jane Ngõ
Quận JaneThành phố, 819265"
KH00208,Hưng Thị Đặng,+84-28-127 3585,"3 Jane Tổ
Huyện JohnThị xã, 840951"
KH00209,Bác Tùng Dương,(09) 2855 7498,"44 Dương Đường
JohnThành phố, 749838"
KH00210,Trọng Hải Đặng,+84-18-638 7829,"5 John Ngõ
Quận JohnThành phố, 311895"
KH00211,Nhật Phạm,+84 09 6789940,"371 Nguyễn Tổ
JanePhường, 161132"
KH00212,Minh Nguyễn,+84-14-138 1138,"3 Jane Ngõ
JanePhường, 797557"
KH00213,Hà Xuân Lê,+84-68-528975,"66 Hoàng Làng
Thị xã JaneHuyện, 574379"
KH00214,Quý ông Nam Nguyễn,09 0824 0433,"4 John Đường
JaneQuận, 245131"
KH00215,Quang Hoàng,(03) 4419 6931,"791 Nguyễn Số
Thành phố JaneHuyện, 956835"
KH00216,Kim Đức Phạm,+84-90-604 8058,"3 John Số
JohnQuận, 552917"
KH00217,Thành Lê,(05) 1790 8641,"2 Jane Làng
JanePhường, 699083"
KH00218,Chị Mai Trần,06 5911 6655,"0 Lê Tổ
JohnThị xã, 147057"
KH00219,Chị Dương Đặng,(01) 1039 2405,"77 Jane Làng
Quận JaneXã, 606489"
KH00220,Cô Kim Hoàng,+84-80-420 4394,"645 John Khu
JohnThị xã, 633243"
KH00221,Thành Dương,(09)812-3878,"384 Dương Số
Thành phố JanePhường, 469007"
KH00222,Khoa Hải Mai,00 4608 4325,"689 Jane Làng
Thị xã JaneXã, 445280"
KH00223,Anh Trung Lê,+84-83-248262,"18 John Tổ
Thành phố JaneThị xã, 531228"
KH00224,Bảo Vũ,(03) 1220 9949,"3 John Tổ
Thị xã JohnXã, 987240"
KH00225,Bác Phúc Bùi,07 2233060,"331 Jane Dãy
JaneQuận, 548324"
KH00226,An Hữu Đặng,09 9988081,"886 Jane Đường
Huyện JaneThị xã, 419348"
KH00227,Bảo Lê,04 9082771,"982 Bùi Tổ
JohnQuận, 575718"
KH00228,Quý cô Hương Vũ,02 1117 5186,"86 John Tổ
Quận JohnQuận, 906519"
KH00229,Hồng Vũ,07 4212 3094,"80 Phạm Làng
JaneThị xã, 563339"
KH00230,Khoa Hoàng,+84 38 4983022,"209 Đặng Ngõ
Thành phố JaneQuận, 269172"
KH00231,Trọng Hoàng,+84-82-795014,"681 Dương Hẻm
Huyện JaneXã, 533856"
KH00232,Chị Duyên Nguyễn,+84 98 1794695,"997 Dương Hẻm
Huyện JohnThành phố, 223949"
KH00233,Chi Trần,+84-39-660 5583,"4 Trần Khu
JaneThành phố, 219366"
KH00234,Dũng Hữu Hoàng,+84-02-355770,"785 Bùi Đường
JaneXã, 661916"
KH00235,Mai Hoàng,+84-55-124 0568,"914 Nguyễn Khu
JohnThị xã, 349185"
KH00236,Bảo Thế Phạm,+84-42-150317,"2 Jane Dãy
JaneQuận, 906859"
KH00237,Phương Lê,(00) 7681 0409,"01 Nguyễn Khu
Huyện JohnQuận, 400487"
KH00238,Tùng Đặng,(07)142-2410,"858 Vũ Hẻm
JohnQuận, 174703"
KH00239,Trọng Đặng,+84-70-207016,"29 Hoàng Tổ
JaneQuận, 847528"
KH00240,Nhật Hoàng,(01) 7174 7733,"62 Đặng Dãy
JohnThành phố, 598424"
KH00241,Thành Dương,02 4599281,"81 Mai Dãy
JaneQuận, 751034"
KH00242,Chị Chi Bùi,+84 53 9669583,"9 Trần Dãy
JohnThị xã, 284731"
KH00243,Thành Trần,+84-19-657013,"278 Bùi Dãy
Quận JaneHuyện, 697978"
KH00244,Huy Đặng,+84 90 9862405,"851 Nguyễn Làng
JanePhường, 433580"
KH00245,Kim Hữu Bùi,+84-32-723865,"22 John Đường
Thị xã JaneQuận, 188776"
KH00246,Quý cô Nhật Hoàng,09 2786876,"90 Phạm Khu
JaneThành phố, 139704"
KH00247,Bác Tú Hoàng,01 2847818,"718 Hoàng Đường
JohnThị xã, 576089"
KH00248,Bác Huy Đặng,(04)420-9494,"2 Jane Đường
JaneThành phố, 232981"
KH00249,Hạnh Vũ,(09) 4440 1929,"24 Jane Hẻm
Huyện JohnQuận, 724473"
KH00250,Quý cô Kim Bùi,(07) 2395 0410,"47 Jane Số
JaneQuận, 656208"
KH00251,An Thế Dương,05 8018569,"44 Jane Số
JohnPhường, 804527"
KH00252,Bà Dương Lê,08 0010 6181,"443 John Ngõ
Quận JohnPhường, 225805"
KH00253,Khoa Lê,09 2124471,"54 John Khu
Thị xã JaneHuyện, 162976"
KH00254,Anh Lê,01 7396271,"917 Trần Đường
Thành phố JaneThị xã, 119676"
KH00255,Anh Nam Nguyễn,+84-64-256 9087,"1 John Số
JohnXã, 661307"
KH00256,Dũng Thế Bùi,+84 15 8517432,"3 Bùi Ngõ
JaneThành phố, 763529"
KH00257,Anh Hoàng Nguyễn,(00) 9376 1847,"050 Nguyễn Số
Quận JanePhường, 662625"
KH00258,Chị Hà Nguyễn,+84-27-079 0320,"17 John Ngõ
Thị xã JohnThành phố, 943530"
KH00259,Quý cô Linh Bùi,01 9825 3092,"26 Jane Hẻm
JohnXã, 142675"
KH00260,Cô Hải Hoàng,02 0710021,"72 John Khu
JaneQuận, 283027"
KH00261,Duyên Lê,+84-79-145 6083,"5 Jane Làng
JohnQuận, 218152"
KH00262,Quý cô Nhật Lê,(00) 0543 6459,"108 John Đường
JohnThành phố, 346729"
KH00263,Bác Huy Phạm,+84-53-153 1363,"797 Jane Hẻm
Thị xã JohnThị xã, 491627"
KH00264,Quý cô Nhật Phạm,+84-54-352 0904,"62 Phạm Khu
Quận JohnThành phố, 531694"
KH00265,Anh Nhiên Dương,(07)406-3356,"0 Nguyễn Đường
JohnThị xã, 656921"
KH00266,Nhật Đức Dương,03 1806325,"742 Hoàng Đường
JaneQuận, 837290"
KH00267,Bảo Phú Dương,+84-01-658 0464,"1 Nguyễn Tổ
Thành phố JaneHuyện, 587957"
KH00268,Linh Đặng,(08) 1832 5381,"3 Đặng Khu
JaneThành phố, 166447"
KH00269,Quang Mai Dương,+84-81-788479,"711 Lê Khu
Thành phố JohnHuyện, 217466"
KH00270,Quý cô Bảo Phạm,+84-04-682756,"31 John Tổ
JanePhường, 777433"
KH00271,Châu Mai Dương,09 2424 3754,"547 John Khu
Quận JohnQuận, 349461"
KH00272,An Đặng,+84-27-452380,"578 Jane Ngõ
Thị xã JaneQuận, 580290"
KH00273,Hoàng Văn Mai,+84-54-749297,"7 John Ngõ
JohnThị xã, 747518"
KH00274,Quý cô Linh Trần,00 9398 3430,"1 Phạm Dãy
JohnPhường, 478603"
KH00275,Bảo Bảo Đặng,05 0455478,"6 Vũ Hẻm
JaneQuận, 976097"
KH00276,Bảo Phạm,07 8519 6106,"28 Hoàng Hẻm
Quận JaneHuyện, 680771"
KH00277,Ông Khoa Hoàng,07 8730 0244,"462 Phạm Đường
Huyện JaneThành phố, 727983"
KH00278,Nhiên Mai Bảo Hoàng,04 7158904,"572 Lê Đường
JaneThị xã, 767153"
KH00279,Hưng Thế Vũ,+84-18-321928,"4 Đặng Ngõ
JohnThành phố, 243601"
KH00280,Quang Dương,05 2132833,"71 John Đường
JaneHuyện, 824619"
KH00281,Hoàng Mai Hoàng,+84-52-401322,"321 Trần Ngõ
Thị xã JaneThành phố, 305888"
KH00282,An Mai,+84-07-140140,"3 John Tổ
Thành phố JohnPhường, 390849"
KH00283,Quang Xuân Mai,(09)389-1190,"28 John Làng
JanePhường, 718010"
KH00284,Quý cô Hải Trần,(05) 6638 3615,"2 Đặng Khu
Thành phố JaneThị xã, 221343"
KH00285,Hạnh Mai Hoàng,+84-47-386 4631,"5 John Dãy
Thị xã JaneXã, 790537"
KH00286,Hà Lê,06 9121535,"367 Hoàng Khu
JaneThị xã, 799061"
KH00287,Nhật Đức Lê,(07)114-7732,"702 Hoàng Tổ
Huyện JohnThành phố, 793193"
KH00288,Quý ông Trung Vũ,+84-77-848 5880,"16 Đặng Số
JaneThành phố, 134455"
KH00289,Bà Nhật Lê,06 2467197,"82 Jane Khu
JaneXã, 809348"
KH00290,Khoa Tấn Nguyễn,+84 90 2559056,"65 John Làng
Huyện JohnPhường, 168681"
KH00291,Tú Đặng,(00) 8507 6986,"0 Bùi Số
JohnThị xã, 204917"
KH00292,Bà Chi Mai,(05)294-5637,"3 Vũ Đường
JaneQuận, 754911"
KH00293,Nhật Hoàng,+84 95 4198763,"4 Bùi Tổ
Thị xã JaneHuyện, 755322"
KH00294,Anh Nam Mai,(02)973-7489,"0 Jane Dãy
Quận JohnPhường, 818596"
KH00295,Huy Bùi,01 3644 2493,"303 Dương Dãy
JanePhường, 138801"
KH00296,Chị Thảo Lê,+84 44 8207001,"651 Lê Làng
Thành phố JaneThị xã, 194632"
KH00297,Cô Vi Đặng,09 6363 2123,"JaneHuyện
85 Jane Số, 597920"
KH00298,Bà Xuân Lê,07 5409 0034,"5 John Dãy
JohnThị xã, 367946"
KH00299,Vũ Phạm,03 2756 0417,"61 Jane Ngõ
JaneXã, 864654"
KH00300,Bảo Văn Nguyễn,+84-27-206 3459,"829 Đặng Dãy
JohnHuyện, 281905"
KH00301,Khoa Hoàng Trần,05 2669300,"734 John Số
JaneQuận, 193387"
KH00302,Phúc Đức Nguyễn,+84-86-771 3334,"26 John Khu
Thị xã JohnThị xã, 930958"
KH00303,Cô Hạnh Vũ,(09) 7359 7107,"6 Jane Số
JohnThành phố, 684056"
KH00304,Ngọc Đặng,(07) 5990 0489,"5 John Hẻm
JohnXã, 616780"
KH00305,Bảo Trí Trần,08 6241 5027,"5 Vũ Khu
JaneThị xã, 272998"
KH00306,Châu Trí Mai,(07)032-0320,"7 Trần Dãy
Thị xã JanePhường, 688098"
KH00307,Quý ông Châu Trần,(02)151-3422,"9 John Hẻm
JohnQuận, 905572"
KH00308,Ông Dũng Nguyễn,01 6591 5201,"49 Jane Đường
JanePhường, 869989"
KH00309,Chị An Vũ,00 1896 1642,"032 Bùi Khu
Thành phố JaneThị xã, 940014"
KH00310,Nhật Thế Hoàng,(05) 1583 7767,"659 Jane Số
Thành phố JaneThị xã, 809298"
KH00311,Chị Xuân Dương,+84-81-476174,"4 Jane Khu
Thành phố JohnXã, 212860"
KH00312,Kim Đức Dương,+84-94-549 1801,"260 Jane Khu
JanePhường, 571804"
KH00313,Dũng Lê,(02) 1941 6800,"776 Vũ Tổ
JaneThành phố, 231165"
KH00314,Cô Lâm Trần,(00)303-7236,"472 Bùi Đường
Quận JohnPhường, 836727"
KH00315,Quý ông Châu Nguyễn,(07)933-4960,"6 Dương Khu
Thị xã JaneThị xã, 638292"
KH00316,Anh Hưng Mai,+84 69 5814671,"60 Jane Làng
JaneThị xã, 343377"
KH00317,Bà Xuân Hoàng,(07)246-6572,"1 Lê Hẻm
Quận JaneThành phố, 932026"
KH00318,Nhật Thế Phạm,(08) 0054 5228,"61 John Làng
JaneHuyện, 923012"
KH00319,Hưng Đức Lê,(08)910-7711,"0 John Ngõ
Huyện JohnPhường, 406313"
KH00320,Quý ông Tú Lê,+84-55-213 7603,"48 John Khu
JaneHuyện, 760016"
KH00321,Chị Vi Mai,03 2666785,"081 Jane Tổ
JohnThị xã, 164454"
KH00322,An Trí Hoàng,+84 84 6684550,"6 Phạm Dãy
JaneQuận, 416178"
KH00323,An Mai,06 2884 3188,"2 John Khu
Huyện JaneXã, 215806"
KH00324,Ánh Đặng,08 5101 7490,"9 Jane Khu
JohnPhường, 496011"
KH00325,Cô Linh Mai,+84-35-712661,"737 Jane Số
JaneXã, 623058"
KH00326,Nhật Mai Bảo Bùi,(02)282-7728,"3 Dương Đường
Huyện JohnXã, 993719"
KH00327,Hà Đức Đặng,+84-40-821545,"229 Nguyễn Khu
JohnQuận, 958914"
KH00328,Ông Tú Mai,01 0679 4975,"9 John Dãy
JaneQuận, 863220"
KH00329,Vũ Bảo Bùi,(06) 5807 4120,"1 John Đường
Thị xã JohnThành phố, 790229"
KH00330,Cô Hạnh Phạm,(09) 7189 5690,"62 Nguyễn Tổ
JaneThành phố, 220213"
KH00331,Phương Lê,02 2412 4620,"004 Trần Tổ
Thị xã JaneHuyện, 493754"
KH00332,An Phạm,(09) 9378 8614,"6 Jane Đường
JohnThành phố, 382234"
KH00333,Lâm Mai,+84-24-967 1832,"868 Nguyễn Đường
JanePhường, 275512"
KH00334,Ngọc Dương,09 4653 9840,"16 John Khu
JohnXã, 629342"
KH00335,Dũng Đức Dương,03 5537 9502,"7 John Hẻm
JaneThị xã, 664271"
KH00336,Hải Trần,+84-07-156956,"753 Nguyễn Làng
Huyện JaneQuận, 194336"
KH00337,Quang Phạm,05 0479303,"JohnHuyện
839 John Hẻm, 882209"
KH00338,Bảo Vũ,+84-38-430894,"605 Bùi Khu
Thị xã JaneHuyện, 642383"
KH00339,Xuân Phạm,+84 46 8750635,"3 Trần Làng
Quận JaneHuyện, 165896"
KH00340,An Dương,00 9543173,"83 Jane Ngõ
JohnThành phố, 163634"
KH00341,Hồng Đặng,(01)207-0496,"0 Bùi Số
Thị xã JohnXã, 925727"
KH00342,Chi Bùi,06 9915078,"109 John Hẻm
JaneThị xã, 604783"
KH00343,Anh Quang Lê,(00)024-9685,"749 Vũ Tổ
Quận JohnQuận, 631741"
KH00344,Hồng Đặng,(03) 3153 7795,"4 Đặng Hẻm
Thị xã JohnThị xã, 330063"
KH00345,Dương Phạm,+84-37-933 7563,"01 Nguyễn Ngõ
Huyện JaneQuận, 762002"
KH00346,Hưng Văn Phạm,(04) 2342 5832,"10 Jane Ngõ
JohnHuyện, 578364"
KH00347,Bà Vi Đặng,+84-28-961 1223,"5 Hoàng Số
Thành phố JohnXã, 408472"
KH00348,Bà Lâm Nguyễn,+84-42-897 3179,"8 Dương Dãy
Huyện JaneXã, 828246"
KH00349,Quý ông Châu Vũ,+84-69-033373,"69 Jane Khu
Quận JohnHuyện, 566097"
KH00350,Quang Thị Dương,+84-95-677665,"60 Jane Làng
JohnHuyện, 186422"
KH00351,Minh Mai,+84-14-311150,"544 Phạm Hẻm
JohnHuyện, 395536"
KH00352,Thành Hữu Hoàng,(00)782-6333,"7 Trần Tổ
Thị xã JaneQuận, 559990"
KH00353,Ông Quang Lê,+84-24-075536,"8 Đặng Đường
Quận JohnHuyện, 695791"
KH00354,Kim Hoàng Bùi,+84 86 3715974,"8 John Dãy
Quận JohnThành phố, 504639"
KH00355,Trung Phạm,08 1705 8025,"21 Jane Dãy
Thị xã JohnQuận, 315667"
KH00356,Huy Dương,(09) 9493 8743,"16 Jane Dãy
JaneXã, 140983"
KH00357,Hạnh Dương,04 6926 3296,"9 Jane Đường
Quận JanePhường, 663858"
KH00358,Vũ Phạm,06 8151185,"38 Jane Đường
Thị xã JaneHuyện, 882193"
KH00359,Lâm Hữu Nguyễn,+84 41 2577711,"7 Jane Khu
Quận JohnXã, 205397"
KH00360,Bà Hà Mai,+84-62-104 2752,"8 Jane Đường
Thị xã JaneThị xã, 154961"
KH00361,Ngọc Bùi,(03)353-3106,"31 John Hẻm
Thành phố JaneXã, 212914"
KH00362,Dũng Hoàng Hoàng,(08) 6613 3155,"5 Jane Làng
JohnThành phố, 789922"
KH00363,Trọng Đặng,+84 13 6497189,"5 Lê Tổ
Huyện JaneThành phố, 451383"
KH00364,Duyên Hoàng,06 8389030,"36 John Đường
Huyện JaneHuyện, 311824"
KH00365,Quý cô Lâm Nguyễn,(09) 7524 5086,"355 John Đường
Quận JaneXã, 437260"
KH00366,Quý cô Hải Nguyễn,+84 71 3023212,"816 Vũ Hẻm
Quận JaneQuận, 735281"
KH00367,Bà Thảo Hoàng,03 4715662,"9 Lê Dãy
Thị xã JaneThành phố, 895720"
KH00368,Trọng Mai,(08) 2467 4746,"527 John Làng
Thành phố JaneThị xã, 524206"
KH00369,Kim Phú Bùi,04 9160169,"58 Đặng Đường
JanePhường, 358779"
KH00370,Quý cô Ngọc Đặng,+84-02-497 2439,"116 Hoàng Ngõ
Thị xã JohnThị xã, 365154"
KH00371,Minh Mai,+84-69-461 1952,"6 Nguyễn Hẻm
JohnThành phố, 173234"
KH00372,Phương Bảo Vũ,+84-62-252 2372,"93 John Đường
Quận JaneThị xã, 562139"
KH00373,Hải Lê,+84 41 6141509,"1 John Khu
Thành phố JohnQuận, 647707"
KH00374,Hồng Hoàng,+84-47-759655,"35 Bùi Đường
JaneThành phố, 103234"
KH00375,Quý ông Hoàng Nguyễn,+84-18-435797,"505 Jane Dãy
Thị xã JanePhường, 742349"
KH00376,Thành Bùi,01 6493289,"714 Lê Dãy
Thị xã JohnQuận, 321921"
KH00377,Cô Hà Bùi,+84-02-564 3471,"539 Jane Số
JaneQuận, 334410"
KH00378,Tú Vũ,+84 11 5931952,"0 Nguyễn Làng
JaneHuyện, 908746"
KH00379,Hoàng Hải Trần,00 8752437,"4 John Tổ
JohnHuyện, 988845"
KH00380,Anh Châu Vũ,+84-60-523 3027,"2 Jane Tổ
JaneHuyện, 894520"
KH00381,Kim Quang Mai,+84-44-386 1259,"4 Lê Hẻm
JaneHuyện, 251857"
KH00382,Chị Vi Phạm,+84-05-912 6620,"018 Hoàng Số
Thị xã JohnThành phố, 224573"
KH00383,Quý cô Chi Vũ,+84-92-617 6475,"178 John Dãy
JohnXã, 289893"
KH00384,Nhật Bảo Vũ,+84-21-518260,"898 John Ngõ
Quận JohnXã, 568957"
KH00385,Tú Thị Lê,+84-32-184011,"2 Nguyễn Làng
JohnXã, 920827"
KH00386,Tùng Dương,(09) 7585 9883,"032 Phạm Hẻm
Huyện JaneQuận, 864521"
KH00387,Hà Đức Vũ,02 6714628,"3 Hoàng Hẻm
JohnHuyện, 926051"
KH00388,Kim Văn Hoàng,(01) 4181 8615,"42 Jane Đường
Thị xã JohnThị xã, 210103"
KH00389,Bảo Mai,+84-49-718 5948,"256 Jane Số
JohnHuyện, 109958"
KH00390,Chị Bảo Bùi,+84-40-539672,"84 Bùi Làng
JohnHuyện, 526261"
KH00391,Vũ Quang Trần,+84-31-290 1487,"82 Dương Ngõ
JohnXã, 299422"
KH00392,Yến Bùi,+84-85-389 0972,"152 Nguyễn Số
JaneQuận, 491416"
KH00393,Thành Phạm,(08)144-7443,"480 Hoàng Dãy
Huyện JohnXã, 582716"
KH00394,Khoa Phú Trần,+84 52 6501673,"17 John Khu
Thị xã JaneHuyện, 413823"
KH00395,Huy Xuân Mai,(04)177-2256,"340 Jane Số
JohnQuận, 798566"
KH00396,Quý cô Dương Vũ,+84 67 8725686,"225 John Đường
JaneXã, 873253"
KH00397,Hồng Dương,04 7163 9282,"36 Jane Ngõ
Quận JohnQuận, 226312"
KH00398,Quý cô An Vũ,(02) 6093 1066,"567 Jane Đường
JohnHuyện, 481237"
KH00399,Quang Bùi,(05) 0200 0534,"24 Đặng Tổ
JohnThành phố, 801442"
KH00400,Dương Mai,(02)555-9895,"961 John Ngõ
Quận JohnPhường, 567423"
KH00401,Hà Mai,+84-54-738202,"5 Dương Ngõ
JohnThị xã, 539357"
KH00402,Lan Hoàng,02 4090 3678,"786 Bùi Khu
Quận JohnQuận, 699678"
KH00403,Cô Xuân Mai,08 8443448,"834 John Khu
Huyện JohnPhường, 361103"
KH00404,Cô Ngọc Đặng,+84-95-518 4269,"0 Phạm Khu
Huyện JohnXã, 789247"
KH00405,Nhật Bùi,+84-49-837 3543,"736 Lê Dãy
Thị xã JohnThị xã, 294015"
KH00406,Chị Khoa Dương,+84-24-042 2693,"37 Trần Hẻm
Thành phố JaneThị xã, 121722"
KH00407,An Nguyễn,(03) 1429 0018,"1 John Dãy
JohnHuyện, 447871"
KH00408,Anh Quang Nguyễn,+84-48-100184,"030 Jane Số
Huyện JaneQuận, 817663"
KH00409,Hải Đức Dương,(01) 3145 1951,"922 Mai Tổ
Thị xã JohnPhường, 820540"
KH00410,Trọng Vũ,01 4754 1022,"71 Jane Khu
Thành phố JaneQuận, 290706"
KH00411,Thành Tấn Dương,07 6952366,"8 Jane Ngõ
JohnPhường, 191488"
KH00412,Bà Ngọc Phạm,(00)587-2105,"72 Phạm Làng
Thành phố JohnThành phố, 829578"
KH00413,Quý cô Nhật Nguyễn,+84-65-019 1792,"131 Jane Hẻm
Thị xã JohnPhường, 653071"
KH00414,Châu Bùi,+84-57-041 2009,"667 Hoàng Khu
Thị xã JohnHuyện, 196402"
KH00415,Bảo Hoàng Bùi,+84-03-628917,"20 Bùi Làng
JohnThành phố, 181588"
KH00416,Trọng Tấn Nguyễn,(04) 2811 3904,"0 Jane Ngõ
Thị xã JohnThành phố, 429861"
KH00417,Hạnh Nguyễn,04 6835 6521,"2 Jane Dãy
Huyện JohnQuận, 815520"
KH00418,Ông Vũ Phạm,(02) 2889 8572,"6 Jane Làng
Thành phố JohnXã, 758285"
KH00419,Ông Nam Lê,(04)817-1752,"495 Trần Ngõ
Thị xã JaneThị xã, 368463"
KH00420,Anh Tú Hoàng,00 5466927,"16 Vũ Đường
Quận JohnQuận, 994498"
KH00421,Hạnh Bùi,(09) 6136 7157,"121 Bùi Làng
JaneThành phố, 432697"
KH00422,Trọng Mai Bảo Phạm,+84-71-470 8272,"0 Nguyễn Tổ
JaneQuận, 156704"
KH00423,Cô Vi Bùi,04 2121 4614,"83 Lê Đường
Thị xã JaneHuyện, 272525"
KH00424,Bà Hồng Dương,08 2659608,"992 Đặng Đường
Thị xã JohnThị xã, 431777"
KH00425,Hải Bùi,08 0727 9103,"82 Phạm Tổ
Quận JohnHuyện, 953309"
KH00426,Nam Thế Vũ,+84-17-766558,"276 Lê Hẻm
JaneHuyện, 986142"
KH00427,Hải Thế Hoàng,(01)111-0961,"7 Jane Số
Quận JaneXã, 499591"
KH00428,Lâm Dương,+84 57 6605384,"63 Jane Đường
Thành phố JohnHuyện, 981610"
KH00429,Dũng Xuân Hoàng,03 8639609,"2 Đặng Hẻm
JohnThành phố, 844515"
KH00430,Cô Hải Hoàng,(06)482-5311,"9 John Ngõ
JohnPhường, 869832"
KH00431,Quý cô Hải Đặng,(03) 3438 3640,"0 John Dãy
Thành phố JohnHuyện, 374721"
KH00432,Cô Hà Dương,(05)361-7061,"665 Lê Hẻm
JohnQuận, 791710"
KH00433,Hương Đặng,07 9980 2841,"0 John Tổ
Quận JohnHuyện, 245295"
KH00434,Cô Yến Lê,04 7315 8477,"423 Bùi Ngõ
JohnQuận, 857135"
KH00435,Quý ông Bảo Bùi,+84-45-919663,"1 Lê Đường
JaneHuyện, 733216"
KH00436,Thành Văn Trần,(05) 6253 1355,"050 Phạm Dãy
JohnXã, 169452"
KH00437,Hạnh Hoàng Mai,(01) 8491 9665,"077 Jane Số
Thành phố JaneQuận, 730645"
KH00438,Nhiên Hữu Phạm,+84-04-090742,"880 Nguyễn Ngõ
JohnThị xã, 858386"
KH00439,Anh Đặng,(05)618-5790,"15 John Làng
Thành phố JohnThành phố, 438542"
KH00440,Lâm Xuân Trần,(05) 8004 0104,"9 Vũ Hẻm
Thị xã JohnQuận, 434844"
KH00441,Quý cô Hải Dương,+84-18-839 7745,"144 Jane Làng
Thành phố JohnThị xã, 163194"
KH00442,Cô Dương Phạm,06 3715398,"72 John Làng
JaneThị xã, 750618"
KH00443,Quý cô Mai Trần,06 2491 2711,"407 Đặng Khu
Thành phố JaneThị xã, 322367"
KH00444,Quý cô Phương Bùi,+84-50-745106,"436 Jane Dãy
JohnPhường, 152294"
KH00445,Cô Mai Trần,+84 09 4318143,"61 Jane Dãy
Quận JohnHuyện, 767837"
KH00446,Trọng Vũ,+84-01-289 7432,"257 John Dãy
JaneThành phố, 286138"
KH00447,Vũ Lê,+84-09-579 0737,"4 John Hẻm
Thành phố JanePhường, 451983"
KH00448,Quý ông Quang Mai,07 4570 5458,"480 Jane Làng
Huyện JaneThành phố, 356238"
KH00449,Thành Hoàng Trần,(06) 1487 8245,"6 Vũ Làng
Huyện JohnThị xã, 933966"
KH00450,Bác Khoa Trần,+84 72 7284982,"407 John Khu
Thành phố JaneHuyện, 105337"
KH00451,Thành Văn Nguyễn,02 5488 2142,"Thị xã JohnHuyện
753 Bùi Số, 202905"
KH00452,Khoa Hoàng,02 9659 2342,"41 Hoàng Dãy
Thị xã JaneThành phố, 245342"
KH00453,Bác Minh Đặng,05 6766708,"294 Jane Hẻm
JohnThị xã, 232053"
KH00454,Hải Văn Dương,(08)701-0415,"7 Nguyễn Ngõ
Quận JohnXã, 876390"
KH00455,Anh Quang Lê,04 0793 1102,"1 John Ngõ
JohnXã, 565374"
KH00456,An Đức Vũ,07 2384979,"0 John Làng
Quận JaneThị xã, 404124"
KH00457,Tú Hoàng,05 4661766,"19 Nguyễn Khu
Thị xã JohnHuyện, 246070"
KH00458,Quý ông Anh Nguyễn,(05) 8835 8681,"95 Lê Khu
JaneThành phố, 980096"
KH00459,Quý ông Châu Hoàng,+84-29-884 2599,"002 John Ngõ
JaneHuyện, 896822"
KH00460,Chị Hương Lê,+84-66-109 4101,"0 Jane Ngõ
JaneQuận, 768357"
KH00461,Chị Thảo Dương,04 3326831,"020 Bùi Ngõ
JohnPhường, 865436"
KH00462,Anh Trung Hoàng,(07)855-9821,"912 Trần Ngõ
JohnThành phố, 730707"
KH00463,Nam Hải Vũ,(04)651-2418,"90 Jane Khu
Thành phố JaneThị xã, 373553"
KH00464,Bà Xuân Nguyễn,(03) 8503 7199,"16 Jane Hẻm
JohnThành phố, 137329"
KH00465,Anh Quang Bùi,04 3000389,"7 Jane Số
Thị xã JaneXã, 244462"
KH00466,Nhật Trần,+84-55-356033,"689 John Làng
Thành phố JohnQuận, 559859"
KH00467,Bà An Đặng,09 3429 6711,"53 Vũ Tổ
JohnXã, 380531"
KH00468,Tùng Đức Nguyễn,06 9741 3283,"520 Jane Dãy
Thành phố JaneThành phố, 383428"
KH00469,Nhiên Bùi,01 0496 7066,"626 Jane Đường
JohnXã, 891127"
KH00470,Anh Hoàng Nguyễn,09 6601 8648,"673 John Khu
JohnQuận, 908807"
KH00471,Dũng Hoàng,00 9454490,"27 Nguyễn Dãy
Thị xã JohnHuyện, 603534"
KH00472,Quý cô Ngọc Hoàng,+84 49 8517244,"322 John Ngõ
Quận JaneXã, 432749"
KH00473,Vân Phạm,+84 44 0580935,"813 Jane Tổ
JohnPhường, 547191"
KH00474,Hoàng Nguyễn,09 5565 7490,"29 John Làng
JaneQuận, 497242"
KH00475,Dương Lê,01 1398986,"0 Mai Dãy
JaneQuận, 976618"
KH00476,Quang Đặng,(05) 3751 3765,"79 Jane Số
Quận JohnThị xã, 806850"
KH00477,Bà Hạnh Đặng,01 1668 2973,"216 Mai Dãy
Quận JohnThị xã, 125093"
KH00478,Cô Bảo Mai,(08)665-2683,"59 John Ngõ
JaneThị xã, 761475"
KH00479,Quý ông Khoa Dương,+84-22-981 2099,"57 Jane Ngõ
Huyện JaneHuyện, 150633"
KH00480,Hạnh Tấn Bùi,02 2036 8499,"21 Vũ Dãy
JohnQuận, 402491"
KH00481,Trọng Trần,(04) 2138 8209,"705 Jane Số
JohnThị xã, 409268"
KH00482,Nhật Trần,06 7412415,"1 Lê Tổ
JanePhường, 871250"
KH00483,Nhật Đặng,+84 61 8538003,"347 Jane Hẻm
JaneQuận, 308218"
KH00484,Phương Phạm,+84 61 7893206,"9 Jane Dãy
Huyện JohnHuyện, 800423"
KH00485,Quý ông Thành Hoàng,08 7413 1467,"275 Jane Số
Thị xã JaneXã, 532016"
KH00486,Cô Thảo Vũ,+84-36-085456,"64 Jane Dãy
Huyện JohnHuyện, 569380"
KH00487,Lâm Xuân Mai,(01) 9952 9800,"5 Mai Ngõ
Quận JaneXã, 308079"
KH00488,Quý cô Nhật Phạm,02 5563 8300,"6 Nguyễn Hẻm
JaneThành phố, 341177"
KH00489,Cô Thảo Trần,(06)624-1118,"089 John Số
Huyện JaneThị xã, 637243"
KH00490,Thảo Vũ,03 1497646,"4 Vũ Làng
JohnThị xã, 862899"
KH00491,Thành Đức Dương,(09) 0637 5791,"118 John Dãy
Thành phố JohnThị xã, 746435"
KH00492,Anh Hưng Dương,06 4520 5996,"3 Mai Dãy
JohnHuyện, 583783"
KH00493,Ông Tú Bùi,+84-16-202 8123,"672 Lê Số
JohnHuyện, 223295"
KH00494,Hạnh Đức Mai,09 5922 4839,"9 Dương Dãy
Huyện JohnQuận, 649850"
KH00495,Ông Dũng Bùi,(02) 7104 3318,"979 John Tổ
Huyện JohnQuận, 387918"
KH00496,Huy Hoàng,+84-45-964 8831,"3 Lê Khu
Quận JaneHuyện, 703618"
KH00497,Trọng Dương,(02) 0331 9222,"10 Jane Số
JaneHuyện, 624681"
KH00498,Lâm Mai,06 6754858,"426 Dương Khu
Thị xã JaneQuận, 126524"
KH00499,Bảo Phú Bùi,(09) 8365 2037,"945 Jane Khu
Huyện JohnPhường, 388307"
KH00500,Quý ông Hưng Vũ,00 9079 7727,"509 John Hẻm
Thị xã JohnThành phố, 564915"
KH00501,Linh Trần,(08)439-0552,"0 Bùi Đường
Quận JohnPhường, 379588"
KH00502,Bảo Dương,+84 49 3862044,"79 Jane Ngõ
Thành phố JohnPhường, 190615"
KH00503,Bà Khoa Nguyễn,(02)035-7134,"2 Nguyễn Số
JohnHuyện, 247247"
KH00504,Huy Hải Phạm,03 2447 4175,"8 Lê Đường
JohnXã, 696337"
KH00505,Quý cô Linh Vũ,(05) 8841 8343,"827 Jane Tổ
JanePhường, 716972"
KH00506,Linh Trần,+84-50-267 5512,"782 Jane Dãy
JaneThị xã, 974613"
KH00507,Bà Yến Đặng,+84-57-640381,"6 John Hẻm
JohnXã, 888371"
KH00508,Chị Hải Đặng,(00)142-5762,"244 John Làng
Thị xã JohnPhường, 356620"
KH00509,Bà An Dương,(05) 1786 3767,"25 Jane Tổ
JaneXã, 512982"
KH00510,Thành Dương,+84-90-392 3555,"9 Trần Làng
Thị xã JohnThành phố, 321493"
KH00511,Huy Trần,06 2624 4670,"268 Jane Ngõ
JohnPhường, 524121"
KH00512,Lan Đặng,(09) 8670 7660,"1 Mai Tổ
JaneXã, 482585"
KH00513,Bảo Bùi,+84-61-205943,"07 Nguyễn Ngõ
JaneHuyện, 152505"
KH00514,Anh Bảo Đặng,+84-40-842 4560,"0 Jane Đường
JohnQuận, 188129"
KH00515,Bảo Lê,+84-76-457 9389,"50 John Số
Huyện JaneThị xã, 520205"
KH00516,Lan Vũ,+84-16-139 4498,"0 Hoàng Dãy
Thị xã JanePhường, 822325"
KH00517,Bà Phương Nguyễn,+84-62-440630,"47 Trần Làng
Thành phố JaneQuận, 166817"
KH00518,Trọng Dương,+84-69-586780,"72 Dương Làng
Thị xã JaneThị xã, 133833"
KH00519,Hải Dương,+84-51-385445,"299 Jane Số
JohnHuyện, 683469"
KH00520,Anh Thành Mai,(06) 9116 3319,"6 Đặng Làng
JaneHuyện, 907927"
KH00521,Tú Tấn Mai,+84-86-367747,"40 Dương Hẻm
Thị xã JaneThị xã, 530224"
KH00522,Cô Duyên Phạm,(09) 9819 9605,"7 Jane Đường
JohnQuận, 580005"
KH00523,Quang Xuân Dương,+84-35-241 0397,"278 Jane Hẻm
Thị xã JohnThành phố, 884972"
KH00524,Dương Bùi,(08)761-6481,"70 Bùi Đường
JanePhường, 636409"
KH00525,Quý ông Tú Trần,(04) 9125 6523,"15 Jane Dãy
Huyện JaneHuyện, 822672"
KH00526,Bác Bảo Vũ,+84-49-022840,"5 Vũ Hẻm
JanePhường, 561229"
KH00527,Hoàng Lê,(09) 4643 0394,"58 Dương Hẻm
JohnXã, 994026"
KH00528,Minh Phú Bùi,(07)287-2760,"34 John Hẻm
JohnPhường, 306508"
KH00529,Châu Mai Hoàng,+84-08-335 0615,"8 John Dãy
Quận JanePhường, 291558"
KH00530,Chị Yến Dương,(00) 9484 1312,"339 Dương Ngõ
Huyện JohnQuận, 601532"
KH00531,Nhật Trần,03 1893974,"739 Nguyễn Khu
JaneThị xã, 761785"
KH00532,Bà Phương Dương,+84-44-483548,"270 Mai Dãy
JohnQuận, 168744"
KH00533,Hải Thế Trần,(07)582-3133,"87 Jane Làng
Huyện JohnQuận, 903625"
KH00534,Bảo Xuân Hoàng,+84-25-879 6434,"24 Đặng Tổ
JaneThị xã, 690648"
KH00535,Kim Văn Bùi,+84 65 2740334,"566 Mai Làng
Thị xã JaneThành phố, 178042"
KH00536,Chị Linh Dương,+84-97-067 3499,"548 Dương Khu
Thị xã JohnPhường, 177582"
KH00537,Huy Trí Lê,+84-49-381735,"8 Nguyễn Hẻm
Huyện JaneThị xã, 883572"
KH00538,Chị Linh Dương,(07) 5534 4902,"67 John Tổ
Thị xã JohnXã, 937055"
KH00539,Tùng Mai Bảo Vũ,+84-51-191818,"7 John Số
JaneThị xã, 874831"
KH00540,Bà Hà Lê,+84-95-786 0694,"035 Lê Khu
Huyện JanePhường, 797724"
KH00541,Bà Xuân Hoàng,(03) 2342 1089,"851 Đặng Làng
Quận JaneQuận, 544893"
KH00542,Quang Phạm,(05)027-1607,"07 Bùi Làng
Thị xã JohnThành phố, 283602"
KH00543,Bảo Phạm,+84 79 5563318,"1 Nguyễn Đường
JaneThị xã, 999146"
KH00544,Thành Đặng,01 6431 6704,"232 John Hẻm
Thị xã JohnThành phố, 725165"
KH00545,Bà Linh Hoàng,02 6228225,"073 Bùi Tổ
JaneThành phố, 921316"
KH00546,Linh Nguyễn,00 2608698,"531 Trần Ngõ
JaneThị xã, 997728"
KH00547,Anh Trọng Nguyễn,07 7425 8591,"382 John Ngõ
Thị xã JaneXã, 210339"
KH00548,Chị Thảo Lê,+84-45-798 8942,"2 Jane Đường
Quận JohnQuận, 765458"
KH00549,Ánh Phạm,(06) 5097 7539,"94 Trần Khu
JaneQuận, 367685"
KH00550,Châu Mai Trần,+84-58-415 6082,"184 Jane Khu
JaneXã, 186997"
KH00551,Quý cô Phương Phạm,(03) 0358 9298,"3 Jane Hẻm
Quận JohnPhường, 259437"
KH00552,Lâm Đức Nguyễn,04 6867752,"148 Phạm Ngõ
Thị xã JohnQuận, 604293"
KH00553,Chị Kim Lê,+84-66-933 5134,"923 Lê Khu
JohnPhường, 222989"
KH00554,Minh Trần,(09)737-4189,"5 Nguyễn Số
JohnPhường, 589187"
KH00555,Khoa Xuân Dương,(04)381-1995,"6 Nguyễn Ngõ
JaneHuyện, 771366"
KH00556,Huy Đức Đặng,+84 01 7397396,"7 Hoàng Số
Thành phố JohnXã, 199524"
KH00557,Lâm Đặng,+84-96-605779,"60 John Đường
JohnHuyện, 532164"
KH00558,Yến Dương,(04)555-3470,"388 Bùi Tổ
Thị xã JohnHuyện, 468893"
KH00559,Bà Ánh Vũ,+84 16 5972634,"57 Lê Hẻm
JohnThành phố, 299008"
KH00560,Minh Mai,08 8269 1311,"25 Bùi Hẻm
JohnPhường, 954141"
KH00561,Trọng Hoàng,+84 53 7038240,"373 John Khu
Thành phố JaneThị xã, 534661"
KH00562,Quý cô Lan Mai,+84-69-645465,"85 John Tổ
Quận JohnXã, 842762"
KH00563,Bác Tú Hoàng,(05) 8374 9079,"208 Mai Đường
JanePhường, 255063"
KH00564,Hải Đặng,+84 49 4097626,"84 Phạm Số
Huyện JohnXã, 155544"
KH00565,Nhiên Đức Trần,+84-18-623392,"7 Jane Ngõ
Thị xã JaneThị xã, 499812"
KH00566,Anh Dũng Lê,+84 45 2647124,"15 Trần Khu
Thành phố JohnPhường, 491272"
KH00567,Bảo Nguyễn,+84-00-564099,"397 John Tổ
Quận JaneXã, 285522"
KH00568,Anh Minh Lê,(07)090-8144,"8 John Dãy
Quận JaneThị xã, 790474"
KH00569,Nhật Đức Mai,+84 53 5237360,"9 John Tổ
JohnHuyện, 435876"
KH00570,Quý cô Lâm Vũ,+84-66-661 7071,"6 Dương Khu
Thành phố JohnThành phố, 422038"
KH00571,Bà Nhật Nguyễn,+84-00-463580,"8 Jane Đường
Thành phố JaneQuận, 332329"
KH00572,Vũ Hoàng Dương,(09) 9006 3140,"635 Nguyễn Hẻm
Quận JaneThị xã, 813446"
KH00573,Trung Vũ,00 6664374,"723 John Ngõ
Thị xã JohnQuận, 663022"
KH00574,Phúc Đức Bùi,08 4494 1163,"280 Dương Ngõ
Quận JohnThị xã, 293439"
KH00575,Nhật Trần,(06) 9572 7908,"509 John Tổ
JohnHuyện, 584479"
KH00576,Cô Hồng Bùi,(04) 8132 3570,"984 John Tổ
Thành phố JohnThị xã, 643211"
KH00577,Duyên Lê,+84-55-021 3060,"1 John Ngõ
Thị xã JaneHuyện, 818914"
KH00578,Nhật Hải Dương,+84-45-772785,"2 Vũ Hẻm
JohnThị xã, 944576"
KH00579,Hoàng Nguyễn,06 8362536,"77 Dương Tổ
JanePhường, 518259"
KH00580,Chị Lâm Phạm,+84-39-395 7865,"27 Jane Khu
JohnQuận, 327727"
KH00581,Tùng Xuân Bùi,+84-62-703692,"6 John Số
JaneQuận, 874337"
KH00582,Quý cô Thành Hoàng,(09)801-1100,"15 Phạm Hẻm
Huyện JohnHuyện, 753505"
KH00583,Nhiên Mai Dương,02 4418 2226,"887 Phạm Ngõ
Thị xã JohnThành phố, 242185"
KH00584,Nhật Hữu Dương,(00) 9579 9270,"JaneThành phố
229 Bùi Hẻm, 216362"
KH00585,Bà Thảo Trần,09 7099 6254,"0 Đặng Hẻm
Quận JaneHuyện, 570738"
KH00586,Thành Thị Vũ,+84-71-580 2909,"766 Jane Số
JaneXã, 995092"
KH00587,Kim Tấn Lê,04 8374 4171,"1 John Ngõ
Thành phố JohnHuyện, 168114"
KH00588,Chị Hà Trần,+84 05 9129751,"2 John Hẻm
Thành phố JohnThị xã, 930045"
KH00589,Chị Ngọc Trần,05 8373792,"28 John Hẻm
Huyện JohnXã, 703386"
KH00590,Cô Yến Trần,(02) 5326 9496,"645 John Khu
JohnThành phố, 164612"
KH00591,Nhật Đặng,+84-09-617 0159,"9 Jane Tổ
JanePhường, 950358"
KH00592,Bác Châu Vũ,(07)583-3920,"75 Dương Dãy
JohnQuận, 873701"
KH00593,Kim Văn Lê,(05)626-5062,"106 Lê Khu
JohnThành phố, 621480"
KH00594,Bảo Thế Mai,03 3797 6627,"Huyện JohnThành phố
7 Lê Làng, 643962"
KH00595,Anh Huy Dương,+84 42 5496919,"52 Hoàng Dãy
Thành phố JaneHuyện, 537256"
KH00596,Chị Linh Phạm,(05)748-5953,"9 John Làng
JaneThành phố, 428686"
KH00597,Kim Lê,+84-51-877941,"25 Jane Làng
Thành phố JaneHuyện, 964904"
KH00598,Anh Anh Đặng,05 9833991,"3 Phạm Số
JohnHuyện, 373665"
KH00599,Chị Thảo Nguyễn,+84 61 5727682,"474 Jane Khu
Quận JaneThành phố, 229934"
KH00600,Ánh Đặng,+84-75-256806,"590 Đặng Đường
Quận JaneThành phố, 171192"
KH00601,Chị Hà Mai,(03) 1555 1651,"6 Lê Ngõ
Thị xã JohnThành phố, 899816"
KH00602,Quang Phạm,+84 80 0370033,"5 Bùi Số
Huyện JaneThành phố, 802170"
KH00603,Phương Quang Nguyễn,(09) 0339 7051,"2 Phạm Hẻm
Huyện JaneXã, 492482"
KH00604,Bảo Hoàng Hoàng,05 3546 1470,"210 Trần Làng
Huyện JohnXã, 957588"
KH00605,Quang Dương,+84 39 4380403,"765 Bùi Hẻm
JaneXã, 725727"
KH00606,Quang Trần,+84-10-090040,"9 John Đường
JohnPhường, 300053"
KH00607,Nhật Phú Trần,06 0401 4247,"072 John Ngõ
Thị xã JaneHuyện, 123654"
KH00608,Ông Hoàng Phạm,+84 66 0076762,"Thành phố JanePhường
7 Jane Đường, 803848"
KH00609,Trung Phạm,+84-70-096 8730,"5 Dương Hẻm
JanePhường, 677790"
KH00610,Bà Nhật Đặng,02 9657542,"8 Đặng Số
Huyện JohnHuyện, 476091"
KH00611,Quý ông Tùng Lê,+84 58 2958292,"Thị xã JohnThị xã
8 John Đường, 367090"
KH00612,Chị Hải Đặng,01 5586863,"1 Jane Hẻm
Thành phố JohnThị xã, 251367"
KH00613,Nhật Vũ,(06) 4381 3000,"114 Trần Số
JaneThành phố, 831715"
KH00614,Dũng Bùi,03 4699 7990,"55 Jane Dãy
JohnThị xã, 822040"
KH00615,Châu Văn Bùi,+84 71 7481131,"970 Vũ Dãy
Thị xã JohnThành phố, 817041"
KH00616,Cô Phương Dương,+84 82 7496804,"742 Jane Tổ
JohnPhường, 262315"
KH00617,Lâm Dương,03 0626042,"711 John Hẻm
Thị xã JaneHuyện, 932923"
KH00618,An Phú Mai,+84 67 0468611,"68 John Ngõ
Quận JohnXã, 295864"
KH00619,Quý cô Dương Mai,08 4712 9618,"426 Jane Đường
Thành phố JaneXã, 656289"
KH00620,Thảo Lê,03 7337 7731,"282 Jane Ngõ
Quận JanePhường, 479293"
KH00621,Bà Hồng Nguyễn,(06)056-0356,"2 Hoàng Số
Quận JaneThị xã, 910653"
KH00622,Kim Hoàng,+84 61 8120546,"89 Vũ Dãy
JanePhường, 718199"
KH00623,Quý cô Thành Trần,+84-75-889 1444,"53 Jane Khu
Huyện JaneHuyện, 376729"
KH00624,Hải Hoàng Hoàng,(02)435-8853,"433 Lê Dãy
JohnThị xã, 607870"
KH00625,Nhiên Dương,+84-52-491416,"134 Dương Khu
JohnHuyện, 153470"
KH00626,Hải Mai Bảo Hoàng,+84 76 6512215,"141 Lê Ngõ
JohnThành phố, 792371"
KH00627,Ngọc Trần,09 4463 3399,"5 John Đường
JohnQuận, 944848"
KH00628,Lâm Văn Lê,+84 99 4711363,"341 John Khu
JaneThị xã, 323753"
KH00629,Cô Ánh Trần,07 7269608,"7 Mai Tổ
JohnThị xã, 632214"
KH00630,Nhật Hoàng Đặng,(01) 9626 3355,"4 Jane Dãy
Quận JohnThị xã, 847707"
KH00631,Hồng Hoàng,05 6076 7616,"54 Lê Hẻm
Quận JohnThị xã, 482281"
KH00632,Vi Phạm,+84 21 9804184,"642 Jane Khu
Thành phố JohnThành phố, 751107"
KH00633,Duyên Lê,08 7623 0391,"28 Jane Tổ
Quận JohnQuận, 925133"
KH00634,Linh Lê,(04)808-8062,"239 Hoàng Khu
JohnThị xã, 283652"
KH00635,Nhật Phạm,(09) 0162 0478,"8 Mai Dãy
JaneHuyện, 648898"
KH00636,Bảo Mai Bảo Lê,(00)319-5419,"45 Jane Dãy
Thành phố JohnThị xã, 912721"
KH00637,Quý cô Khoa Lê,+84-46-320 3747,"37 Jane Đường
Quận JohnHuyện, 492204"
KH00638,Linh Dương,06 1945887,"553 Mai Hẻm
Thành phố JohnPhường, 845647"
KH00639,Hưng Nguyễn,+84-38-507659,"50 Jane Dãy
JohnPhường, 917163"
KH00640,Bảo Bùi,07 4223 1964,"402 Jane Làng
JohnThị xã, 673629"
KH00641,Trung Nguyễn,+84 20 4713727,"95 Vũ Tổ
JohnPhường, 815084"
KH00642,Trọng Phạm,(00) 6745 8476,"12 John Làng
JohnThành phố, 831257"
KH00643,Huy Hữu Bùi,+84-54-132971,"66 Jane Dãy
Huyện JaneThành phố, 422969"
KH00644,Quý cô Xuân Dương,09 3663439,"959 Trần Ngõ
Thành phố JohnQuận, 666619"
KH00645,Nhật Quang Lê,+84 07 2024559,"51 John Đường
Quận JohnThị xã, 964226"
KH00646,Ông Anh Hoàng,09 8194 2179,"8 Jane Làng
JohnThị xã, 993550"
KH00647,Phúc Mai Bảo Dương,08 4466 3453,"2 John Đường
Quận JohnThị xã, 232235"
KH00648,Cô Hạnh Đặng,+84-59-376 6189,"05 Jane Làng
JohnThành phố, 132903"
KH00649,Thành Lê,(07)765-7256,"246 Jane Tổ
Thành phố JohnQuận, 637693"
KH00650,Bác Trung Lê,00 0559550,"258 Mai Số
Thị xã JohnThị xã, 854038"
KH00651,Tùng Dương,+84 45 0691767,"93 Vũ Khu
Quận JaneThị xã, 378256"
KH00652,Vân Phạm,+84 37 3606014,"849 Jane Làng
JohnQuận, 507923"
KH00653,Phúc Hoàng Nguyễn,+84-61-537 0124,"4 Lê Số
Quận JaneThành phố, 902257"
KH00654,Khoa Mai,+84-81-121 0314,"Thị xã JaneThành phố
1 Hoàng Khu, 923653"
KH00655,Thành Trần,02 6384 0911,"883 Đặng Đường
JaneThị xã, 208600"
KH00656,Lâm Xuân Phạm,+84-79-137876,"007 John Tổ
Huyện JaneThị xã, 886151"
KH00657,Linh Dương,+84 21 9881927,"905 Jane Số
JohnThành phố, 157580"
KH00658,Hoàng Vũ,(06)245-6185,"4 Nguyễn Đường
JaneQuận, 846376"
KH00659,Bảo Mai,+84-91-511455,"3 John Đường
JaneXã, 891507"
KH00660,Nhật Mai,+84-84-841604,"540 John Ngõ
Thành phố JaneThành phố, 592016"
KH00661,Thành Đức Vũ,(09) 8315 2291,"32 John Số
Huyện JohnThị xã, 674162"
KH00662,Cô Hồng Phạm,+84-63-845269,"39 Jane Khu
JohnThành phố, 525244"
KH00663,Bà Yến Lê,+84-29-132033,"6 John Khu
Thành phố JohnPhường, 216155"
KH00664,Hồng Trần,03 7221 5566,"32 Jane Tổ
Quận JaneThị xã, 387202"
KH00665,An Đức Nguyễn,07 2007843,"442 Nguyễn Dãy
Thị xã JaneHuyện, 775545"
KH00666,Quý cô Mai Vũ,(07)642-7372,"7 Phạm Hẻm
Huyện JaneXã, 367188"
KH00667,Hạnh Mai,(04)601-9134,"8 Jane Đường
Thành phố JanePhường, 907074"
KH00668,Khoa Tấn Nguyễn,03 2146449,"9 Trần Số
JohnQuận, 440488"
KH00669,Ánh Đặng,07 3857 3680,"2 Jane Đường
Thị xã JaneXã, 874494"
KH00670,Hà Mai,02 3335104,"497 John Tổ
Thành phố JohnHuyện, 929527"
KH00671,Cô Chi Vũ,+84-20-736511,"4 Jane Tổ
JaneXã, 829744"
KH00672,Cô Nhật Trần,+84-90-432 2302,"247 Jane Làng
Thành phố JohnPhường, 859233"
KH00673,Bà Dương Vũ,(06)212-7602,"6 John Hẻm
Thành phố JohnThị xã, 213707"
KH00674,Lâm Xuân Vũ,+84-88-899 5729,"62 Vũ Tổ
JohnPhường, 937080"
KH00675,Mai Bùi,06 8719 1203,"7 Hoàng Hẻm
Quận JohnQuận, 352164"
KH00676,Vân Hoàng,+84-13-881588,"82 John Số
JohnQuận, 941870"
KH00677,Cô Vân Lê,+84-71-681572,"000 John Ngõ
JohnPhường, 947220"
KH00678,Hà Phạm,01 7850902,"JanePhường
4 Vũ Hẻm, 189171"
KH00679,Quý cô Hạnh Dương,+84-12-248905,"6 Nguyễn Đường
Thành phố JaneQuận, 496252"
KH00680,Dũng Quang Đặng,+84-84-826 6913,"3 Đặng Đường
JaneQuận, 923278"
KH00681,Nhật Thị Mai,+84-07-063 3699,"982 John Đường
JohnThành phố, 510702"
KH00682,Minh Trần,+84-80-442877,"3 Phạm Ngõ
JaneQuận, 262383"
KH00683,Bảo Bùi,+84-42-894642,"2 Mai Số
Thành phố JaneHuyện, 186159"
KH00684,Ông Thành Vũ,+84-62-554 0263,"82 Phạm Đường
Thị xã JaneHuyện, 531165"
KH00685,Khoa Mai,+84-88-031538,"52 Hoàng Đường
JohnHuyện, 820190"
KH00686,Ánh Vũ,(03) 3353 8495,"32 John Ngõ
JanePhường, 925620"
KH00687,Phương Nguyễn,+84-33-913732,"060 John Dãy
JaneThành phố, 584141"
KH00688,Phương Văn Nguyễn,(03) 0091 5618,"657 Vũ Khu
Thị xã JohnXã, 813158"
KH00689,Quý cô Linh Hoàng,(05)201-4911,"843 Jane Dãy
JohnXã, 246059"
KH00690,Lâm Xuân Lê,(09) 9821 3745,"404 Jane Đường
JohnHuyện, 349192"
KH00691,Quý ông Huy Bùi,(00)811-2600,"3 Bùi Số
Thành phố JaneQuận, 818178"
KH00692,Ông Dũng Phạm,+84 23 4550688,"76 John Khu
JohnThành phố, 353860"
KH00693,Tùng Nguyễn,(08)735-4378,"03 Jane Ngõ
Thành phố JaneThị xã, 824679"
KH00694,Duyên Nguyễn,+84-59-914492,"92 Hoàng Số
JaneXã, 772922"
KH00695,Ông Minh Vũ,(08) 5969 3259,"4 John Làng
Quận JohnHuyện, 918443"
KH00696,Quý cô Kim Hoàng,+84-06-908726,"07 John Khu
Quận JanePhường, 794727"
KH00697,Quang Trí Mai,(00)405-6129,"826 Mai Hẻm
JaneThành phố, 921665"
KH00698,Khoa Hữu Đặng,01 3087612,"5 Jane Làng
JaneXã, 256187"
KH00699,Bà Ánh Mai,00 0273 0086,"016 John Ngõ
Huyện JohnThành phố, 169439"
KH00700,Phương Thị Hoàng,+84-41-491 5076,"7 Lê Đường
JohnPhường, 393391"
KH00701,Nam Dương,07 9462072,"2 Jane Đường
Thị xã JaneThị xã, 150011"
KH00702,Cô Hạnh Nguyễn,08 8413337,"52 Jane Số
Thị xã JohnThị xã, 111158"
KH00703,Chị Dương Trần,+84 92 0613638,"JohnThị xã
9 Bùi Ngõ, 299635"
KH00704,Quý cô Hương Mai,04 4902 9502,"0 Jane Khu
JohnQuận, 573682"
KH00705,Bà Ánh Trần,07 8127782,"217 John Làng
JaneQuận, 700330"
KH00706,Châu Mai Phạm,(06)383-1828,"05 Jane Đường
JaneThị xã, 813813"
KH00707,Nhật Dương,+84-06-736 8205,"2 John Hẻm
Huyện JanePhường, 266951"
KH00708,Kim Đặng,+84 58 7146921,"925 Dương Đường
JohnThị xã, 753721"
KH00709,Tùng Nguyễn,(02) 0509 3869,"4 Jane Tổ
Thành phố JaneHuyện, 573813"
KH00710,Ông Bảo Trần,02 3867 6738,"974 Trần Ngõ
JaneXã, 658049"
KH00711,Quý ông Tùng Lê,(09)968-7225,"08 Mai Đường
JohnPhường, 755569"
KH00712,Bà Ngọc Vũ,+84 56 6957900,"82 Đặng Khu
JohnXã, 512272"
KH00713,Quý ông Trung Lê,09 4232 8946,"891 Bùi Hẻm
JohnPhường, 813586"
KH00714,Phúc Tấn Dương,(05) 6292 6933,"381 Đặng Tổ
Thị xã JaneThị xã, 991417"
KH00715,Nam Tấn Dương,(04)430-3491,"797 John Làng
JohnHuyện, 931994"
KH00716,Hương Đặng,(06) 4154 7155,"2 Hoàng Làng
JanePhường, 986964"
KH00717,Lâm Bùi,05 0094214,"527 Hoàng Ngõ
JohnXã, 868083"
KH00718,Quý cô An Vũ,02 3888 5622,"05 Dương Dãy
JaneQuận, 244933"
KH00719,Bác Minh Đặng,+84-48-596 5594,"91 Jane Tổ
Quận JohnThành phố, 144957"
KH00720,Bà Thành Phạm,+84-31-321551,"70 Jane Hẻm
Huyện JaneHuyện, 992466"
KH00721,Kim Mai Bảo Lê,03 6774620,"43 John Hẻm
Quận JohnThành phố, 232430"
KH00722,Chị Xuân Nguyễn,+84-49-106 0183,"387 Nguyễn Hẻm
JaneXã, 840469"
KH00723,Hải Dương,(02) 5775 4584,"905 John Dãy
JohnPhường, 207216"
KH00724,An Xuân Dương,+84 72 1733739,"522 John Số
Thành phố JaneHuyện, 789173"
KH00725,Hải Vũ,(08) 8232 5539,"84 Bùi Ngõ
JanePhường, 879784"
KH00726,Anh Phúc Bùi,03 0954 4979,"799 Nguyễn Hẻm
Thị xã JohnQuận, 158130"
KH00727,Quang Mai Mai,01 3752988,"125 Nguyễn Làng
Thành phố JohnHuyện, 897962"
KH00728,Quý ông Minh Mai,+84-97-535852,"030 Vũ Làng
JohnXã, 996727"
KH00729,Tú Mai Trần,02 3910 2929,"437 Mai Làng
Quận JohnXã, 535771"
KH00730,Ông Trung Hoàng,01 9126022,"767 John Ngõ
Thành phố JohnThị xã, 522257"
KH00731,Bảo Lê,+84 19 0725873,"493 Bùi Tổ
Thành phố JohnThị xã, 782231"
KH00732,Minh Trần,(04) 2114 0868,"952 Jane Số
Thành phố JohnPhường, 988010"
KH00733,Quang Hữu Trần,(00)399-5297,"712 Phạm Số
JaneXã, 484502"
KH00734,Hạnh Trí Phạm,(00)412-0270,"2 Phạm Dãy
JohnQuận, 728167"
KH00735,Chi Trần,06 9063224,"54 John Làng
JohnQuận, 161496"
KH00736,An Hoàng,06 7975 6491,"46 John Khu
JohnQuận, 977417"
KH00737,Bảo Bùi,+84 10 8018103,"3 Jane Số
JohnThị xã, 269737"
KH00738,Phương Thị Mai,+84 81 5712901,"Thị xã JohnQuận
71 John Dãy, 847237"
KH00739,Bà Hương Nguyễn,(04)584-7436,"096 Jane Tổ
JanePhường, 550347"
KH00740,Châu Nguyễn,(01) 8053 3962,"66 Lê Ngõ
JohnXã, 352232"
KH00741,Quý cô An Nguyễn,+84 46 6614590,"797 Trần Khu
Thành phố JaneXã, 347413"
KH00742,Nhật Hoàng,(04)905-3152,"4 Bùi Dãy
Thành phố JohnThị xã, 718992"
KH00743,Ông Huy Bùi,+84-84-166123,"79 Phạm Làng
Huyện JaneQuận, 321181"
KH00744,Nhiên Hoàng,+84 97 0142620,"7 John Ngõ
JohnQuận, 792852"
KH00745,Dương Vũ,+84 81 3599898,"117 Jane Đường
Thị xã JaneHuyện, 661097"
KH00746,Chị Hà Dương,08 8397 8570,"480 Dương Tổ
JohnQuận, 983025"
KH00747,Quý cô Duyên Trần,09 6112 8794,"8 Jane Số
JohnHuyện, 145230"
KH00748,Quang Đức Vũ,(01)961-5607,"748 Jane Số
JohnThị xã, 709258"
KH00749,Bảo Thế Nguyễn,+84-64-966834,"478 Lê Ngõ
JohnQuận, 688076"
KH00750,Tú Hữu Lê,(05) 9364 8820,"86 John Số
Huyện JaneThị xã, 258690"
KH00751,Ông Huy Nguyễn,+84-11-413193,"613 Jane Số
Huyện JohnQuận, 145918"
KH00752,Dũng Mai,+84-16-502544,"916 Nguyễn Làng
JaneThành phố, 925961"
KH00753,Kim Quang Dương,(07)182-4989,"8 Jane Dãy
Thành phố JaneThành phố, 564362"
KH00754,Huy Mai,(01)359-2664,"9 Hoàng Dãy
JaneXã, 427523"
KH00755,Thành Đặng,+84-45-011929,"7 Phạm Số
Huyện JohnThành phố, 597529"
KH00756,Kim Nguyễn,(09) 8863 6536,"Thành phố JaneHuyện
0 Dương Đường, 151539"
KH00757,Duyên Hoàng,02 4894 2046,"JaneThị xã
05 Vũ Hẻm, 115052"
KH00758,Dũng Bùi,(05)775-8097,"33 Jane Hẻm
Huyện JaneThị xã, 499780"
KH00759,Chị Kim Đặng,+84-40-165 9953,"6 John Ngõ
Quận JaneQuận, 899053"
KH00760,Quý ông Châu Dương,06 2591 6011,"584 Nguyễn Đường
Thành phố JaneXã, 641348"
KH00761,Nhật Mai Bảo Mai,(03) 1299 5704,"26 John Ngõ
Thành phố JohnXã, 363432"
KH00762,Quý cô Linh Phạm,05 9680785,"Huyện JaneXã
21 Jane Khu, 479615"
KH00763,Hưng Nguyễn,+84-64-454 7523,"232 Vũ Dãy
Thị xã JaneThị xã, 901276"
KH00764,Chị Dương Vũ,+84-27-203 8862,"08 John Số
Thành phố JaneHuyện, 849478"
KH00765,Cô Hồng Hoàng,(03)588-2493,"00 John Số
JaneXã, 400527"
KH00766,Kim Đặng,(04) 4454 4608,"1 Hoàng Làng
JohnThành phố, 772962"
KH00767,Quang Đức Lê,+84-78-848699,"9 Jane Tổ
JohnThị xã, 209737"
KH00768,Bảo Lê,06 3019 8642,"3 Lê Làng
Thành phố JohnThành phố, 777454"
KH00769,Ông Thành Lê,+84-32-880983,"102 John Đường
Thành phố JaneThị xã, 555051"
KH00770,Hà Thị Nguyễn,+84-98-761081,"61 Nguyễn Làng
JanePhường, 355819"
KH00771,Khoa Mai,(00)746-8235,"1 John Làng
Thị xã JaneQuận, 103678"
KH00772,Anh Tấn Hoàng,07 1500666,"065 Trần Ngõ
Huyện JohnThị xã, 667965"
KH00773,Tú Hữu Hoàng,(09)497-0890,"68 Jane Hẻm
JaneQuận, 507281"
KH00774,Ông Minh Phạm,+84-68-889178,"JohnHuyện
96 Jane Dãy, 984885"
KH00775,Khoa Dương,00 9320126,"89 Jane Đường
JohnXã, 996302"
KH00776,Vi Hoàng,02 1755 8517,"1 Jane Khu
JohnThành phố, 201263"
KH00777,Bà Hà Hoàng,+84-96-264 2229,"9 Jane Đường
JaneHuyện, 238297"
KH00778,Phương Đặng,+84-45-705 6820,"570 John Ngõ
JohnPhường, 458792"
KH00779,Hạnh Thị Dương,(03) 2472 8289,"017 John Khu
JohnThành phố, 242868"
KH00780,Hà Hữu Mai,(05)071-0580,"927 John Tổ
Thị xã JohnPhường, 145738"
KH00781,Quang Mai Nguyễn,(09)230-0716,"741 Mai Tổ
JohnPhường, 247691"
KH00782,Quý ông Nhiên Mai,+84-36-529447,"1 Jane Làng
JohnQuận, 907940"
KH00783,An Vũ,00 2589 6321,"574 Jane Hẻm
JohnThị xã, 386270"
KH00784,An Bảo Dương,(09) 8344 8838,"36 Bùi Hẻm
Huyện JaneThành phố, 567157"
KH00785,Bác Hưng Bùi,07 9551 5623,"0 Đặng Ngõ
Thị xã JanePhường, 128894"
KH00786,Lâm Trần,+84 17 8619025,"6 John Hẻm
Thị xã JaneQuận, 430434"
KH00787,Vũ Lê,+84 12 2759500,"0 Jane Ngõ
JohnPhường, 291986"
KH00788,Nhiên Đức Dương,+84-95-074 0717,"98 Jane Tổ
Quận JohnThành phố, 110195"
KH00789,Hạnh Hoàng Vũ,(00)391-0452,"08 Trần Ngõ
JohnQuận, 785707"
KH00790,Trọng Xuân Mai,05 3595 2056,"79 John Số
JohnThành phố, 673293"
KH00791,Nhật Mai Dương,00 3784 2339,"5 John Đường
JaneThị xã, 495288"
KH00792,Bà Thành Nguyễn,(02) 5017 3654,"417 Lê Đường
Quận JohnQuận, 422662"
KH00793,Tú Quang Nguyễn,+84-09-060 5308,"4 John Hẻm
Thành phố JaneThị xã, 565643"
KH00794,Chị Duyên Nguyễn,05 7598 8759,"996 Lê Số
Quận JohnThị xã, 803632"
KH00795,Cô Nhật Lê,05 5821477,"711 Lê Làng
Quận JohnThị xã, 834447"
KH00796,Cô Hải Hoàng,+84-21-581 8970,"11 Phạm Tổ
JohnPhường, 717130"
KH00797,Nhiên Mai Dương,(01) 6880 0537,"869 Jane Hẻm
JaneHuyện, 156015"
KH00798,Phương Lê,(07) 2002 8394,"204 Jane Khu
JanePhường, 321692"
KH00799,Cô Hà Bùi,09 9302 0203,"JohnQuận
775 John Làng, 491046"
KH00800,Cô Xuân Lê,+84-16-506463,"93 Dương Dãy
JaneXã, 200614"
KH00801,Chị Vi Trần,+84-02-916 1746,"983 John Khu
Huyện JohnXã, 505903"
KH00802,Bảo Trí Hoàng,+84 31 6708056,"67 Jane Làng
JohnThành phố, 698032"
KH00803,Thành Phú Nguyễn,09 4440 7663,"3 Đặng Đường
JaneQuận, 575650"
KH00804,Chị Ánh Lê,02 6114243,"5 Vũ Hẻm
Thành phố JaneXã, 820626"
KH00805,Nhật Hoàng,02 3419964,"247 Jane Đường
JohnQuận, 357449"
KH00806,Trung Nguyễn,(03)115-8760,"76 Dương Tổ
JaneXã, 846697"
KH00807,Dũng Phạm,03 6597 4669,"634 John Hẻm
JaneHuyện, 123200"
KH00808,Duyên Đặng,(09)481-5269,"6 Vũ Dãy
Thành phố JohnThành phố, 575214"
KH00809,Hoàng Phạm,09 1426 1404,"261 Đặng Khu
Thành phố JaneXã, 532694"
KH00810,Quý cô Mai Trần,+84-00-817 8522,"87 Jane Tổ
Quận JanePhường, 392930"
KH00811,Quý cô Phương Dương,04 7017 3208,"2 Jane Dãy
JohnXã, 550861"
KH00812,Hải Tấn Bùi,(03) 7014 0052,"558 John Đường
Thị xã JohnPhường, 234242"
KH00813,Hạnh Lê,07 3160 9439,"681 Lê Đường
Thành phố JohnThị xã, 752669"
KH00814,Quang Trí Mai,(06)209-2973,"5 John Hẻm
Quận JaneQuận, 833280"
KH00815,Chị Ngọc Vũ,07 3532 3661,"61 Jane Đường
Thị xã JaneThành phố, 901627"
KH00816,Chị Kim Nguyễn,+84 07 1261583,"1 Bùi Khu
JaneThị xã, 310034"
KH00817,Bảo Đức Lê,(03) 3222 8019,"89 John Hẻm
JaneThành phố, 495341"
KH00818,Bà Lâm Đặng,+84-06-373 1180,"13 Jane Tổ
Huyện JohnPhường, 688969"
KH00819,Hoàng Văn Trần,(06) 2608 4639,"5 Trần Tổ
JaneThành phố, 479093"
KH00820,Anh Quang Lê,+84-15-164 1195,"919 Hoàng Làng
JaneXã, 620776"
KH00821,Phúc Thị Dương,(00)204-2620,"212 Trần Làng
Thị xã JaneThị xã, 657821"
KH00822,Quý ông Hưng Hoàng,+84-73-126773,"760 Đặng Dãy
JaneQuận, 981495"
KH00823,Bà Mai Trần,+84-16-543089,"120 John Ngõ
JohnHuyện, 609911"
KH00824,Hạnh Thế Hoàng,+84-74-700 0268,"86 Bùi Khu
JaneHuyện, 193351"
KH00825,Lâm Hữu Đặng,00 4500635,"30 Vũ Số
Thị xã JaneThành phố, 215248"
KH00826,Hoàng Hữu Phạm,03 0597 0255,"63 Vũ Làng
Huyện JaneXã, 750919"
KH00827,Trọng Hữu Đặng,06 6345 4434,"91 Hoàng Làng
Huyện JaneXã, 572792"
KH00828,Quang Hoàng,06 4088 2230,"973 Trần Làng
Thành phố JohnXã, 567185"
KH00829,Cô Nhật Lê,+84 70 7548534,"57 John Đường
Thành phố JohnHuyện, 391648"
KH00830,Hạnh Hữu Trần,(09) 3900 2512,"7 Bùi Tổ
JohnHuyện, 710638"
KH00831,Châu Văn Mai,01 9931458,"5 Bùi Làng
Thành phố JohnXã, 677482"
KH00832,Hưng Hoàng Vũ,(03) 6220 3347,"31 Jane Làng
JaneXã, 877468"
KH00833,Phương Văn Nguyễn,+84-52-946902,"7 Vũ Ngõ
JaneQuận, 139363"
KH00834,Trung Đặng,+84 23 8502289,"52 Đặng Hẻm
Quận JohnXã, 260765"
KH00835,Cô Lan Nguyễn,(05) 6913 3030,"77 John Số
JaneThành phố, 558793"
KH00836,Bảo Mai Bảo Hoàng,+84-55-302453,"984 Lê Làng
Quận JanePhường, 930895"
KH00837,Cô Bảo Mai,07 1901 7222,"764 Trần Dãy
JaneHuyện, 534026"
KH00838,Khoa Hoàng,(02)406-5838,"725 John Hẻm
JohnXã, 919924"
KH00839,Thành Hữu Mai,04 8237 3379,"121 John Ngõ
JohnQuận, 830741"
KH00840,Tùng Bảo Hoàng,+84 17 0740392,"5 Jane Ngõ
JohnQuận, 284028"
KH00841,Quý cô Kim Vũ,(03) 8722 0542,"654 Phạm Làng
Quận JohnHuyện, 408729"
KH00842,Bảo Nguyễn,08 8789 9504,"596 Trần Tổ
Thị xã JaneHuyện, 754221"
KH00843,Quý cô Kim Phạm,(09) 5634 2777,"592 Jane Ngõ
JaneXã, 187781"
KH00844,Chị An Đặng,+84-22-941156,"5 Hoàng Số
Thị xã JohnThị xã, 800842"
KH00845,Quý cô Bảo Hoàng,+84-42-066 1549,"331 John Đường
JohnPhường, 997097"
KH00846,Cô Hải Trần,(02) 1215 4815,"6 Bùi Khu
Thành phố JohnXã, 442587"
KH00847,Tùng Mai,+84 64 4200629,"87 Jane Tổ
JaneHuyện, 518691"
KH00848,Tú Hoàng,02 3421926,"320 Trần Đường
JohnXã, 365222"
KH00849,Cô Thảo Dương,+84-91-179726,"8 John Làng
Thành phố JohnQuận, 552975"
KH00850,Kim Văn Lê,+84-00-053 2853,"050 Lê Khu
Quận JohnHuyện, 680020"
KH00851,Quý cô Khoa Lê,+84-99-007 6862,"328 Jane Làng
Thị xã JanePhường, 187348"
KH00852,Tú Hữu Lê,07 1368410,"Quận JohnQuận
9 John Làng, 466296"
KH00853,Quý cô Nhật Hoàng,+84-18-750 6776,"59 John Ngõ
JohnThành phố, 751343"
KH00854,Quý cô Khoa Dương,01 7815969,"4 Dương Hẻm
Quận JaneThị xã, 486546"
KH00855,Phương Hữu Lê,+84-59-125734,"53 Bùi Đường
JaneQuận, 707473"
KH00856,Chi Vũ,+84-72-966 9417,"08 Jane Khu
JaneXã, 469039"
KH00857,Thành Vũ,+84 83 9841673,"5 Jane Ngõ
JaneXã, 659629"
KH00858,Thảo Vũ,00 9286 0521,"627 Jane Số
JohnThành phố, 980664"
KH00859,Bà Phương Vũ,08 1308 8983,"74 Jane Khu
Huyện JaneQuận, 115276"
KH00860,Quý cô Thành Nguyễn,+84 03 0566199,"564 Jane Làng
JaneThị xã, 570627"
KH00861,Vân Dương,+84-01-872 6001,"51 John Khu
JaneHuyện, 237915"
KH00862,Hồng Dương,05 6865 2406,"559 Dương Hẻm
JaneQuận, 293186"
KH00863,Cô Khoa Nguyễn,03 3470 4747,"4 Đặng Làng
JaneQuận, 201071"
KH00864,Chị Linh Nguyễn,01 2455312,"362 John Ngõ
JohnPhường, 250141"
KH00865,Quý ông Phúc Bùi,(04)883-9585,"5 John Khu
Huyện JohnPhường, 427814"
KH00866,Kim Trần,+84-57-591710,"0 Vũ Ngõ
JaneThị xã, 422181"
KH00867,Châu Phạm,(05)352-4784,"594 Phạm Khu
JohnThành phố, 449563"
KH00868,Quý cô Vân Mai,+84 33 1836113,"08 Mai Hẻm
Huyện JohnThị xã, 669696"
KH00869,Anh Nam Vũ,(08)625-1521,"53 Phạm Dãy
Thành phố JohnHuyện, 545493"
KH00870,Anh Khoa Vũ,(06)717-7629,"33 Lê Khu
JaneHuyện, 458041"
KH00871,Duyên Hoàng,+84-90-010898,"0 Jane Hẻm
Thành phố JanePhường, 647427"
KH00872,Khoa Lê,+84-46-488 4997,"857 Hoàng Tổ
Thành phố JohnQuận, 250427"
KH00873,Nhật Hoàng,08 9124883,"705 Vũ Tổ
Huyện JohnThị xã, 620449"
KH00874,Quý cô Phương Trần,+84 23 0388568,"3 Mai Ngõ
JaneXã, 111908"
KH00875,Yến Hoàng,+84-92-177 9055,"93 Jane Ngõ
JohnPhường, 587251"
KH00876,Vi Đặng,(02) 6011 9391,"7 Lê Tổ
JohnQuận, 858652"
KH00877,An Thị Mai,08 1810 4502,"615 Phạm Số
JohnThị xã, 182696"
KH00878,Bà Vân Hoàng,09 3353900,"15 Dương Làng
Huyện JaneThị xã, 351038"
KH00879,Anh Quang Đặng,(01)164-3690,"72 Nguyễn Hẻm
JaneThị xã, 104913"
KH00880,Quang Thế Lê,+84-16-441610,"35 Bùi Khu
Huyện JohnThành phố, 298085"
KH00881,Lan Dương,(00) 4276 3628,"4 Dương Ngõ
Huyện JohnThành phố, 703292"
KH00882,Khoa Thị Bùi,06 4909228,"8 Vũ Tổ
JohnPhường, 348648"
KH00883,Tùng Mai Lê,(07)174-3068,"640 Jane Làng
Thị xã JohnXã, 592718"
KH00884,Bác Minh Phạm,+84-33-647 7041,"0 Jane Làng
JohnQuận, 671422"
KH00885,Quý cô Bảo Đặng,02 0412 3190,"72 Jane Khu
Thành phố JohnPhường, 823665"
KH00886,Bác Tú Hoàng,(02) 4538 1097,"224 Nguyễn Dãy
Thị xã JaneXã, 526638"
KH00887,Chị Lan Đặng,+84 74 2240432,"9 John Làng
JaneXã, 552587"
KH00888,Nhật Bùi,(00) 7028 6720,"095 Jane Số
Thành phố JaneQuận, 529150"
KH00889,Ngọc Đặng,07 9500173,"739 Trần Làng
Thị xã JohnQuận, 198067"
KH00890,Lâm Mai,(06)908-7167,"454 Trần Dãy
Quận JohnThị xã, 974758"
KH00891,Chi Vũ,03 6023 4422,"6 John Tổ
Quận JaneThành phố, 248809"
KH00892,Duyên Vũ,07 7269 0326,"13 Jane Số
Thị xã JanePhường, 684257"
KH00893,Dương Lê,05 5985 1602,"89 John Số
JanePhường, 736118"
KH00894,Hạnh Mai Bảo Mai,08 6237600,"74 John Dãy
Thành phố JohnThị xã, 405739"
KH00895,Cô Kim Vũ,+84 06 9836923,"84 Vũ Dãy
Quận JohnQuận, 701970"
KH00896,Thành Đức Bùi,(02) 0212 3720,"330 John Đường
JohnHuyện, 879906"
KH00897,Nhật Hải Hoàng,+84 90 0889911,"091 Hoàng Hẻm
Quận JaneQuận, 578933"
KH00898,Ông Thành Nguyễn,+84-54-818674,"099 Phạm Làng
JohnThành phố, 858133"
KH00899,Quý cô Hương Trần,+84-15-198545,"034 John Tổ
Huyện JohnHuyện, 532928"
KH00900,An Mai Đặng,09 9944946,"0 John Hẻm
JohnQuận, 840651"
KH00901,Nhật Mai,(02) 3879 4026,"1 Vũ Tổ
Thị xã JohnHuyện, 768124"
KH00902,Quý cô Thảo Lê,(05) 7004 1291,"Huyện JohnXã
6 John Tổ, 462756"
KH00903,Thảo Bùi,+84 00 7923046,"283 Jane Ngõ
Thành phố JohnQuận, 233328"
KH00904,Hà Phú Trần,(00) 4850 7665,"60 Lê Hẻm
JaneQuận, 993523"
KH00905,Thành Nguyễn,+84 91 5305734,"35 Trần Dãy
JohnQuận, 433290"
KH00906,Nhật Lê,(07)267-0866,"62 Jane Ngõ
JaneXã, 563468"
KH00907,Trọng Vũ,07 1290350,"4 Vũ Hẻm
Quận JaneHuyện, 951123"
KH00908,Bà Ngọc Vũ,+84-66-821 2156,"549 John Số
JanePhường, 958113"
KH00909,Hà Trần,+84-97-388 1827,"435 Mai Hẻm
Huyện JaneXã, 124326"
KH00910,Kim Đức Nguyễn,01 1021 2543,"230 Jane Đường
JaneThành phố, 963812"
KH00911,Quý cô Lan Trần,+84-86-003 2031,"140 John Khu
JohnQuận, 212132"
KH00912,Ông Nhiên Dương,(08)601-6259,"Huyện JohnXã
7 Đặng Đường, 759225"
KH00913,Hà Phạm,05 3582107,"0 Lê Dãy
Quận JaneThành phố, 535685"
KH00914,Kim Nguyễn,+84-81-972239,"77 John Dãy
JohnThành phố, 569142"
KH00915,Phương Đức Nguyễn,(04) 8085 5780,"4 John Làng
JohnQuận, 964278"
KH00916,Kim Hoàng,+84 69 6857467,"5 Jane Ngõ
Huyện JohnThành phố, 437488"
KH00917,Yến Trần,(06)426-1070,"842 Phạm Ngõ
Quận JaneXã, 996825"
KH00918,Minh Trần,(00) 0416 9105,"151 Dương Tổ
JaneThị xã, 847545"
KH00919,Chị Dương Hoàng,(05)348-1105,"76 Lê Dãy
JohnHuyện, 595408"
KH00920,Bà Linh Trần,(08) 1775 1239,"1 Đặng Khu
Thị xã JohnPhường, 951546"
KH00921,Anh Quang Bùi,+84 24 4654677,"710 Phạm Đường
JohnHuyện, 502940"
KH00922,Châu Mai,+84-37-031 7543,"41 Mai Tổ
JohnThị xã, 152230"
KH00923,Chị Thành Vũ,(06)862-7288,"66 Lê Đường
JanePhường, 316923"
KH00924,Quý cô Hà Phạm,03 8676 2592,"8 Hoàng Đường
JohnHuyện, 642126"
KH00925,Khoa Hải Lê,+84 55 3405089,"961 Hoàng Dãy
JaneThành phố, 429536"
KH00926,Bà Hồng Dương,+84 78 9775542,"0 Jane Hẻm
Thị xã JohnThị xã, 885990"
KH00927,Quý cô Nhật Phạm,(00) 2227 1117,"91 Trần Số
Thành phố JaneQuận, 746749"
KH00928,Tú Thế Vũ,(08)698-3052,"0 John Hẻm
Quận JaneXã, 933317"
KH00929,Hương Vũ,(06) 4710 6801,"163 Nguyễn Tổ
Thành phố JaneXã, 307916"
KH00930,Chị Hồng Dương,(04) 4693 1729,"38 John Đường
JaneHuyện, 163822"
KH00931,Bà Khoa Hoàng,(08)519-3932,"28 John Ngõ
JohnHuyện, 783899"
KH00932,Thảo Hoàng,(06)026-6765,"845 Jane Khu
JohnThị xã, 857896"
KH00933,Vân Mai,04 0675602,"1 John Hẻm
Thành phố JaneHuyện, 953381"
KH00934,Cô Thảo Vũ,+84-90-932253,"235 John Hẻm
JaneHuyện, 994966"
KH00935,Hương Hoàng,+84-35-450 3698,"3 John Làng
Huyện JohnThị xã, 271139"
KH00936,Bảo Văn Mai,+84 59 8312441,"59 Đặng Hẻm
Thành phố JohnQuận, 620526"
KH00937,Lâm Quang Dương,04 9542106,"1 Jane Tổ
Quận JohnThị xã, 568019"
KH00938,Nhật Phạm,+84 75 3626475,"61 John Số
Thị xã JohnThành phố, 104728"
KH00939,Bà Thành Lê,00 3211 5355,"32 John Khu
Thành phố JaneThị xã, 720001"
KH00940,Anh Anh Dương,+84-25-422188,"5 John Đường
JaneThị xã, 143460"
KH00941,Nhật Hữu Hoàng,(03) 3299 8651,"578 Bùi Khu
Huyện JanePhường, 652905"
KH00942,Chị Vi Đặng,+84-67-262 0846,"43 Đặng Ngõ
JohnXã, 266748"
KH00943,Chị Thành Nguyễn,(01)825-6247,"942 John Hẻm
Quận JaneThành phố, 401437"
KH00944,Cô An Hoàng,+84-66-270 2660,"956 John Ngõ
JanePhường, 141249"
KH00945,Yến Phạm,+84-10-193353,"247 John Làng
JohnPhường, 149049"
KH00946,An Trí Dương,00 5646160,"643 Nguyễn Đường
JohnThị xã, 281890"
KH00947,Bà Hồng Trần,06 2313361,"16 Lê Làng
Thị xã JaneHuyện, 956820"
KH00948,Tú Phạm,02 7768576,"34 Lê Đường
JaneThành phố, 596376"
KH00949,Dũng Đức Mai,+84-70-179993,"248 Jane Khu
JaneThành phố, 905917"
KH00950,Anh Quang Vũ,06 5386 9479,"548 Phạm Số
Thị xã JohnHuyện, 821645"
KH00951,Anh Trung Mai,04 1009538,"42 Jane Khu
Huyện JohnThành phố, 709800"
KH00952,Quý cô Vân Trần,06 0476 1437,"37 Jane Số
Thị xã JaneThị xã, 368862"
KH00953,Nhật Trí Bùi,(03)681-5418,"277 John Đường
JaneThành phố, 831386"
KH00954,Quý ông Nam Vũ,(05) 6605 0337,"8 John Đường
JanePhường, 561406"
KH00955,Cô Ánh Bùi,01 8222667,"908 Mai Số
JohnXã, 896841"
KH00956,Trọng Thị Bùi,03 9634289,"05 Nguyễn Khu
Quận JohnPhường, 577533"
KH00957,Thảo Mai,01 8670663,"629 Jane Làng
Thành phố JohnThị xã, 225827"
KH00958,Quý cô Nhật Đặng,(03)371-7086,"4 Jane Khu
Thành phố JohnPhường, 829238"
KH00959,Cô Dương Phạm,04 9014 5996,"2 Jane Dãy
Thành phố JaneHuyện, 736756"
KH00960,Bà Lâm Mai,+84-43-021781,"64 John Tổ
Thành phố JanePhường, 992248"
KH00961,Nhiên Lê,(08)150-3701,"40 Nguyễn Làng
Thành phố JohnThị xã, 267073"
KH00962,Bảo Xuân Hoàng,08 2448500,"2 Vũ Ngõ
Thị xã JohnThị xã, 721109"
KH00963,Nhật Hoàng,01 2766208,"391 Nguyễn Hẻm
JohnPhường, 377413"
KH00964,Anh Phạm,09 6245 8701,"2 Lê Tổ
Thị xã JohnXã, 194397"
KH00965,Chị Nhật Đặng,(00) 2849 7603,"243 Đặng Hẻm
JohnHuyện, 472097"
KH00966,Quý cô Thảo Mai,(01)875-4036,"8 John Tổ
JaneQuận, 642921"
KH00967,Anh Hữu Bùi,(03) 2360 6679,"91 Jane Khu
JohnQuận, 884853"
KH00968,Thảo Lê,+84-86-226992,"17 Lê Làng
JaneXã, 718668"
KH00969,Chị Lâm Đặng,(08)768-8777,"04 John Khu
Thành phố JaneXã, 952595"
KH00970,Cô Linh Phạm,+84-83-912260,"40 Bùi Hẻm
Huyện JohnThành phố, 398051"
KH00971,Lâm Vũ,+84 03 8975287,"5 Vũ Hẻm
Huyện JohnHuyện, 751254"
KH00972,Cô Phương Lê,(05) 3097 6691,"9 Lê Đường
JaneXã, 238106"
KH00973,Hương Dương,+84-53-079 6618,"24 Jane Làng
JaneHuyện, 226370"
KH00974,Bà Lâm Trần,+84-37-956 1007,"2 Jane Tổ
Quận JaneThành phố, 894369"
KH00975,Cô Bảo Đặng,(09)991-9387,"342 Vũ Khu
JaneXã, 738513"
KH00976,Vi Vũ,06 0786235,"Thị xã JaneHuyện
1 Nguyễn Tổ, 194191"
KH00977,Anh Phúc Mai,+84-51-456340,"5 Jane Tổ
Thành phố JaneThị xã, 373229"
KH00978,Trọng Bùi,+84-53-916 0770,"3 Jane Tổ
JohnXã, 389712"
KH00979,Vi Phạm,+84-82-218039,"0 Jane Số
JohnPhường, 566423"
KH00980,Lan Bùi,02 9516 4693,"62 John Làng
JaneHuyện, 991294"
KH00981,Vân Mai,+84 67 0898709,"9 Jane Làng
Thành phố JohnPhường, 997747"
KH00982,Quý cô Kim Trần,+84 58 4858052,"119 Nguyễn Khu
JohnQuận, 118968"
KH00983,Quang Mai Bảo Nguyễn,07 4544708,"3 Jane Ngõ
JanePhường, 176995"
KH00984,Quang Đức Bùi,(07)662-6235,"530 Jane Ngõ
JohnQuận, 492136"
KH00985,Quý ông Nam Phạm,08 6050630,"05 John Ngõ
JaneThành phố, 754148"
KH00986,An Phạm,+84-09-120302,"4 Lê Làng
JaneXã, 590199"
KH00987,Quang Đức Hoàng,+84-26-009 8602,"74 Vũ Khu
Thành phố JaneHuyện, 883460"
KH00988,Khoa Đặng,(08) 1180 8189,"3 Vũ Tổ
JaneQuận, 276028"
KH00989,Hoàng Đức Dương,+84-70-566036,"486 Jane Đường
JanePhường, 261756"
KH00990,Kim Văn Lê,(05) 1585 0153,"31 Dương Ngõ
JaneThành phố, 463710"
KH00991,Ông Quang Lê,(04) 4133 9547,"6 Đặng Làng
Huyện JaneXã, 157057"
KH00992,Bảo Đức Hoàng,+84-18-986 6469,"18 John Tổ
JanePhường, 803125"
KH00993,Quý ông Tùng Nguyễn,07 0237 7184,"1 John Đường
JaneThị xã, 353645"
KH00994,Chị Ánh Lê,+84-97-323 9644,"32 Dương Số
Huyện JohnThị xã, 596393"
KH00995,Chị Mai Mai,(05)202-3209,"693 John Khu
JohnQuận, 411345"
KH00996,Ông Trọng Hoàng,+84-29-075515,"607 Bùi Ngõ
Quận JohnThành phố, 103963"
KH00997,Hạnh Hải Phạm,+84-22-622 7777,"80 Bùi Khu
JohnThị xã, 103616"
KH00998,Bà Ngọc Phạm,00 5952984,"074 John Dãy
JohnPhường, 779481"
KH00999,Nhật Phú Mai,(06) 7625 9062,"638 Bùi Khu
JohnHuyện, 701543"
KH01000,Bác Dũng Hoàng,09 3183997,"1 Hoàng Số
Huyện JaneThành phố, 395798"
